C51 COMPILER V9.54   MAIN                                                                  06/05/2026 08:42:20 PAGE 1   


C51 COMPILER V9.54, COMPILATION OF MODULE MAIN
OBJECT MODULE PLACED IN .\Objects\main.obj
COMPILER INVOKED BY: C:\Keil_v5\C51\BIN\C51.EXE src\main.c LARGE OPTIMIZE(8,SPEED) BROWSE DEBUG OBJECTEXTEND PRINT(.\Lis
                    -tings\main.lst) TABS(2) OBJECT(.\Objects\main.obj)

line level    source

   1          /***************************************************************************//**
   2          *   @file       Main.c
   3          *   @brief      A96L41x Main  function file 
   4          *   @author     Application Team, ABOV Semiconductor Co., Ltd.
   5          *   @version    V1.00
   6          *   @date       29. MAY. 2020
   7          *
   8          * Copyright(C) 2019, ABOV Semiconductor
   9          * All rights reserved.
  10          *
  11          *   @mainpage   Project : A96L41x (20TSSOP) 
  12          *   - Introduction: This is a guide program for using A96L41x .
  13          *
  14          *   @section    Compiler Version
  15          *   - uVision C51 Compiler ( Version 5.13 )
  16          *
  17          *   @section    Configure Option
  18          *   - Code Read Protection :                Disable
  19          *   - Code Write Protection :               Disable
  20          *   - Vector Area (00H~FFH) Protection :    Disable
  21          *   - Select RESETB pin :                   Disable
  22          *
  23          *   @section    Clock Setting
  24          *   - HFIRC OSC/1 (Internal 4Mhz) 
  25          *
  26          *   @section    Project Program Version : V1.00
  27          *   @section    Modify Infomation
  28          *   - V1.00 :    First Start.    
  29          *
  30          *   @section    Caution
  31          *   - Nothing special.
  32          *
  33          *   @section Common
  34          *   - ABOV Semiconductor Co.,Ltd.
  35          *   - URL : <http://www.abovsemi.com>
  36          *
  37          ********************************************************************************
  38          * ABOV Disclaimer
  39          *
  40          *IMPORTANT NOTICE - PLEASE READ CAREFULLY
  41          *ABOV Semiconductor ("ABOV") reserves the right to make changes, corrections, enhancements, 
  42          *modifications, and improvements to ABOV products and/or to this document at any time without notice. 
  43          *ABOV does not give warranties as to the accuracy or completeness of the information included herein.
  44          *Purchasers should obtain the latest relevant information of ABOV products before placing orders. 
  45          *Purchasers are entirely responsible for the choice, selection, and use of ABOV products and 
  46          *ABOV assumes no liability for application assistance or the design of purchasers' products. No license, 
  47          *express or implied, to any intellectual property rights is granted by ABOV herein. 
  48          *ABOV disclaims all express and implied warranties and shall not be responsible or
  49          *liable for any injuries or damages related to use of ABOV products in such unauthorized applications. 
  50          *ABOV and the ABOV logo are trademarks of ABOV.
  51          *All other product or service names are the property of their respective owners. 
  52          *Information in this document supersedes and replaces the information previously
  53          *supplied in any former versions of this document.
  54          *2020 ABOV Semiconductor  All rights reserved
C51 COMPILER V9.54   MAIN                                                                  06/05/2026 08:42:20 PAGE 2   

  55          *
  56          */
  57          
  58          /* Includes ------------------------------------------------------------------*/
  59          #include    "Intrins.h"
  60          #include    "delay.h"     //
  61          #include "a96l41x_gpio.h"
  62          #include "a96l41x_clock.h"
  63          
  64          #include "a96l41x_adc.h"
  65          #include "a96l41x_opamp.h"
  66          #include "a96l41x_usart.h"
  67          
  68          #include "a96l41x_usart_spi.h"
  69          #include "a96l41x_timer0.h"
  70          #include "a96l41x_timer1.h"
  71          #include "a96l41x_timer2.h"
  72          
  73          
  74          #include "main.h"
  75          #include "math.h"
  76          #include "audio.h"
  77          #include "flash.h"
  78          #include "calib.h"
  79          
  80          #include "a96l41x_dataflash.h"
  81          
  82          /* Private Pre-processor Definition & Macro ----------------------------------*/
  83          /* Private Typedef -----------------------------------------------------------*/
  84          /* Private Variable ----------------------------------------------------------*/
  85          
  86          //////////////// Start: System state and mode constants ////////////////
  87          
  88          /* ---------- System status flag (set by SPI_Memory_Check, read by Audio_Initial in ISR) ---------- */
  89          /* volatile - ISR/main boundary. */
  90          volatile uint8_t SystemStatus;
  91          
  92          /* ---------- Main-loop cadence (units = sleep cycles, ~0.192 s each) ---------- */
  93          uint16_t adc_time    = 8 * 5;          /* sensor cadence  (currently empty body, ~7.7 s)  */
  94          uint16_t ck_led_time = 56 * 5 + 12;    /* power LED + Bat_Ck cadence (~56 s)              */
  95          
  96          /* ---------- Run-time state ---------- */
  97          uint16_t Al_Stop_key_Count;            /* TIMER2_Int: SW2 long-press counter */
  98          uint32_t system_count   = 0;           /* main-loop tick counter; widened uint16->uint32 so the %42/%292/%
             -1458 cadence never hiccups at a 16-bit wrap (~3.5h) */
  99          uint16_t Fire_Alarm_LED = 0;           /* TIMER2_Int: alarm LED state         */
 100          uint16_t Bat_Alarm_LED  = 0;           /* TIMER2_Int: low-bat LED state       */
 101          uint8_t  SYS_mode, ADC_mode, Bat_mode;
 102          
 103          /* STEP5 SW2 edge-detect state: only a fresh press (released->pressed) triggers
 104           * the manual fire-test / smoke-cal entry, so holding SW2 does not repeat it
 105           * on every wake (long-press now = one shot). */
 106          static uint8_t sw2_prev_pressed = 0;
 107          static uint8_t sw2_cur_pressed  = 0;
 108          
 109          
 110          /* ---------- TIMER2_Int internal counter ---------- */
 111          /* volatile - ISR sets it, read by other paths indirectly. */
 112          volatile uint8_t Timer2_cnt;
 113          
 114          
 115          #define Temp_mode 2
C51 COMPILER V9.54   MAIN                                                                  06/05/2026 08:42:20 PAGE 3   

 116          
 117          #define Normal_mode 1
 118          #define UART_mode   2
 119          #define In_Fire_al_mode   3
 120          #define Ex_Fire_al_mode   4
 121          #define Al_Stop_mode    6
 122          
 123          
 124          #define Bat_High_mode   1
 125          #define Bat_Low_mode    2
 126          
 127          uint8_t visual_type = 1;  // visual indicator type
 128          
 129          //////////////// End:   System state and mode constants ////////////////
 130          
 131          
 132          //////////////// Start: Debug-mode flags ////////////////
 133          
 134          /* ---------- Compile-time constants ---------- */
 135          
 136          uint8_t  uart_debug_mode ;
 137          
 138          
 139          //////////////// End:   Debug-mode flags ////////////////
 140          
 141          //////////////// Start: Audio playback globals ////////////////
 142          
 143          /* ---------- Audio streaming globals (shared with TIMER1_Int in audio.c) ---------- */
 144          /* volatile - ISR/main boundary. */
 145          volatile uint16_t Audio_length;
 146          volatile uint16_t Audio_addr;
 147          volatile uint8_t  Audio_start = 0;     /* explicit init - was previously two-def */
 148          volatile uint16_t Audio_max_length;
 149          
 150          /* Audio clip table in Flash (code) memory.
 151           *  Index    Macro                  Addr     Len     Duration (8 kHz 8-bit)
 152           *    0      AUDIO_CLIP_BOOT        0x0000   10801   ~1.35 s   boot beep
 153           *    1      AUDIO_CLIP_LOWBAT      0x2BAA   21478   ~2.68 s   low-battery
 154           *    2      AUDIO_CLIP_FIRE        0x8108   24324   ~3.04 s   fire alarm
 155           */
 156          code AudioClip_t Audio_Clips[AUDIO_CLIP_COUNT] = {
 157              /* [AUDIO_CLIP_BOOT]   */ { 0x0000, 10801, 1 },
 158              /* [AUDIO_CLIP_LOWBAT] */ { 0x2BAA, 21478, 1 },
 159              /* [AUDIO_CLIP_FIRE]   */ { 0x8108, 24324, 1 },
 160          };
 161          
 162          //////////////// End:   Audio playback globals ////////////////
 163          
 164          ////////////////Start  Debug uart text//////////// 
 165          uint8_t Dust_MODE[10] = "Dust_MODE:";
 166          uint8_t Visu_MODE[10] = "Visu_MODE:";
 167          uint8_t Temp_MODE[10] = "Temp_MODE:";
 168          
 169          uint8_t ADC[4] = "ADC:";
 170          uint8_t CHR[4] = "CHR:";
 171          uint8_t INF[4] = "INF:";
 172          
 173          uint8_t Dust[5] = "Dust:";
 174          uint8_t Dust_ori[7] = "Dust_O:";
 175          uint8_t Dust_avr[7] = "Dust_A:";
 176          uint8_t Temp[5] = "Temp:";
 177          uint8_t Bat[4] = "Bat:";
C51 COMPILER V9.54   MAIN                                                                  06/05/2026 08:42:20 PAGE 4   

 178          uint8_t Space[1] = " ";
 179          uint8_t Tab[4] = "    ";
 180          uint8_t End[4] = "\n\r";
 181          
 182          
 183          
 184          uint8_t opamp1[5] = "OPA1:";
 185          uint8_t opamp2[5] = "OPA2:";
 186          
 187          uint8_t Avr[9] = "Average: ";
 188          
 189          uint8_t Dust_Si_Off[7] = "Si_Off:";
 190          uint8_t Dust_Si_On[6] = "Si_On:";
 191          uint8_t Dust_Si_Deta[6] = "Si_Da:";
 192          
 193          uint8_t Dust_Du_Off[7] = "Du_Off:";
 194          uint8_t Dust_Du_On[6] = "Du_On:";
 195          uint8_t Dust_Du_Deta[6] = "Si_Da:";
 196          
 197          uint8_t Dust_val[9] = "Dust val:";
 198          
 199          /* Calibration debug labels (see Uart_Out below). */
 200          uint8_t Cal_Norm[6] = "Norm:";
 201          uint8_t Cal_Base[6] = "Base:";
 202          uint8_t Cal_Gain[6] = "Gain:";
 203          uint8_t Cal_Valid[4] = "Cv:";
 204          
 205          uint8_t Boot_OK[11] = "Boot_OK\n\r";
 206          uint8_t Flash_Read_OK[17] = "Flash_Read_OK\n\r";
 207          uint8_t Flash_Read_Fail[19] = "Flash_Read_Fail\n\r";
 208          
 209          uint8_t Cal_OK[10] = "Cal_OK\n\r";
 210          ////////////////End  Debug uart text////////////
 211          
 212          //////////////// Start: ADC globals ////////////////
 213          
 214          #define VBGR_CV        92u      // VBGR voltage * 100  (chip-specific, calibrate!)
 215          #define ADC_FS         1024u    // 10-bit
 216          
 217          #define System_Ck_Value 40
 218          
 219          #define ADC_BUFFER_SIZE   8u   /* element count of ADC_temp_data[] */
 220          #define ADC_BUFFER_COUNT  8u   /* element count passed to ADC_GetDataWithPolling/
 221                                          * Data_Avr/Data_Sorting/Data_TrimmedMean - MUST
 222                                          * match ADC_BUFFER_SIZE. Use direct constant
 223                                          * instead of sizeof() to avoid Keil C51
 224                                          * macro-expansion-context surprises. */
 225          uint16_t ADC_temp_data[ADC_BUFFER_SIZE];
 226          
 227          
 228          #define TEMP_OFFSET  20
 229          #define TEMP_IDX(t)  ((t) + TEMP_OFFSET)
 230          
 231          code uint16_t Temp_Table[140] = {
 232            /* -20C */ 30, 32, 34, 36, 38, 40, 42, 45, 47, 50, 
 233            /* -10C */ 52, 55, 58, 61, 64, 67, 71, 74, 78, 82, 
 234            /*  0C */ 86, 90, 95, 99, 104, 109, 114, 119, 124, 130, 
 235            /*  10C */ 135, 141, 147, 153, 159, 166, 172, 179, 186, 192, 
 236            /*  20C */ 199, 207, 214, 221, 229, 236, 244, 252, 261, 269, 
 237            /*  30C */ 278, 286, 295, 304, 313, 322, 331, 341, 350, 359, 
 238            /*  40C */ 369, 379, 388, 398, 407, 417, 427, 437, 446, 456, 
 239            /*  50C */ 466, 476, 485, 495, 504, 514, 524, 533, 542, 552, 
C51 COMPILER V9.54   MAIN                                                                  06/05/2026 08:42:20 PAGE 5   

 240            /*  60C */ 561, 570, 579, 588, 597, 606, 615, 623, 632, 640, 
 241            /*  70C */ 648, 656, 664, 672, 680, 688, 695, 703, 710, 717, 
 242            /*  80C */ 724, 731, 738, 744, 751, 757, 763, 769, 775, 781, 
 243            /*  90C */ 787, 793, 798, 803, 809, 814, 819, 824, 829, 833, 
 244            /* 100C */ 838, 842,  847,  851,  855,  859,  863,  867,  871,  874,
 245            /* 110C */ 878, 881,  885,  888,  891,  895,  898,  901,  904,  906
 246            };
 247          
 248          uint16_t ADC_Bat_Val;
 249          
 250          uint16_t ADC_Temp_Val;
 251          
 252          uint16_t ADC1_Bat_Val;
 253          uint16_t ADC1_Dust_Val;
 254          uint16_t ADC1_On_Dust_Val;
 255          uint16_t ADC1_Off_Dust_Val;
 256            
 257          uint16_t ADC2_Bat_Val;
 258          uint16_t ADC2_Dust_Val;
 259          uint16_t ADC2_On_Dust_Val;
 260          uint16_t ADC2_Off_Dust_Val;
 261          uint16_t ADC2_Dust_Val_Norm;       /* calib_apply(ADC2_Dust_Val) - per-unit normalized */
 262          
 263          /* Fire-alarm trigger: increments while Si_Da_norm exceeds CALIB_ALARM_THRESHOLD,
 264           * decays one step each sample below the threshold so a single noise spike
 265           * cannot promote the system to In_Fire_al_mode. */
 266          #define FIRE_TRIGGER_COUNT     3u
 267          uint8_t  fire_count = 0;
 268          
 269          //////////////// End:   ADC globals ////////////////
 270          /*----------------------------------------------------------------------------*
 271           * Main-loop procedure constants + helpers (see docs/main_loop_design.md).    *
 272           *   Wake tick = 0.192 s (WDT INTERRUPT mode); periodic tasks use system_count *
 273           *   modulo. EMR_IO = P10 (PORT1/PIN0): driven high when THIS unit alarms,     *
 274           *   read as input for the external interlock line.                           *
 275           *----------------------------------------------------------------------------*/
 276          #define FIRE_CHECK_CNT        42u    /* STEP1 fire monitor   : 42  wakes ~8.06 s   */
 277          #define LED_BAT_CNT           292u   /* STEP2 LED + battery  : 292 wakes ~56.06 s  */
 278          #define LOWBAT_ALARM_CNT      1458u  /* STEP3 low-bat repeat : 1458 wakes ~279.9 s */
 279          #define FIRE_CONFIRM_SAMPLES  4u     /* STEP1 averaged confirm readings            */
 280          #define FIRE_BLINK_MS         100u   /* pre-alarm blink half-period (0.1 s -> 0.2 s)*/
 281          #define FIRE_GAP_TOGGLES      10u    /* pre-alarm blinks per gap (10*0.1=1 s, 4=4 s)*/
 282          #define FIRE_VOICE_REPEAT     3u     /* fire clip plays per alarm burst            */
 283          #define FIRE_VOICE_GAP_MS     300u   /* gap between fire-clip plays (0.3 s)        */
 284          #define FIRE_AMP_WARMUP_MS    150u   /* amp/CVDD pre-warm before 1st clip (cold)   */
 285          #define FIRE_RECHECK_HALF_MS  250u   /* fire-loop re-confirm blink half (0.25 s)   */
 286          #define FIRE_RECHECK_TOGGLES  2u     /* re-confirm toggles/sample (2*0.25=0.5 s, 4=2 s)*/
 287          #define BAT_LOW_CV            265u   /* enter low-battery at <= 2.65 V             */
 288          #define BAT_RECOVER_CV        275u   /* exit  low-battery at >= 2.75 V (hysteresis)*/
 289          
 290          /* WDT-safe blocking wait (RESET-mode WDT ~2 s) in 100 ms chunks. */
 291          static void loop_wait_ms(uint16_t ms)
 292          {
 293   1        while (ms >= 100) { WD_Reset(); Delay_ms(100); ms -= 100; }
 294   1        if (ms)          { WD_Reset(); Delay_ms(ms);              }
 295   1      }
 296          
 297          /* STEP1 helper: takes FIRE_CONFIRM_SAMPLES normalized Dust readings and
 298           * returns the mean. Between samples LED_R blinks (half_ms on/off) for
 299           * `toggles` half-cycles, so the per-sample gap = toggles*half_ms and the
 300           * total window = FIRE_CONFIRM_SAMPLES * toggles * half_ms.
 301           *   pre-alarm    : (100 ms, 10) -> 0.2 s blink, 1 s/sample, 4 s total
C51 COMPILER V9.54   MAIN                                                                  06/05/2026 08:42:20 PAGE 6   

 302           *   fire re-check: (250 ms,  2) -> 0.5 s blink, 0.5 s/sample, 2 s total
 303           * Timer2 is left off here so its ISR cannot perturb the dust ADC sampling. */
 304          static uint16_t fire_confirm_avg(uint16_t half_ms, uint8_t toggles)
 305          {
 306   1        uint32_t sum = 0;
 307   1        uint8_t  i, t;
 308   1        for (i = 0; i < FIRE_CONFIRM_SAMPLES; i++) {
 309   2          ADC2_Dust_Val      = Dust_ADC_2AMP();
 310   2          ADC2_Dust_Val_Norm = calib_apply(ADC2_Dust_Val);
 311   2          sum += ADC2_Dust_Val_Norm;
 312   2          for (t = 0; t < toggles; t++) {
 313   3            if (t & 0x01) { LED_R_OFF; } else { LED_R_ON; }
 314   3            WD_Reset();
 315   3            Delay_ms(half_ms);
 316   3          }
 317   2        }
 318   1        LED_R_OFF;
 319   1        return (uint16_t)(sum / FIRE_CONFIRM_SAMPLES);
 320   1      }
 321          
 322          /* Fire LED_R blink via Timer2 ISR (0.2 s period, 0.1 s on/off). Lets LED_R
 323           * keep blinking even while a blocking Play_Clip() runs: audio plays on the
 324           * Timer1 ISR, so global interrupts are enabled during playback and Timer2
 325           * fires too. */
 326          static void fire_led_blink_start(void)
 327          {
 328   1        T2_init();
 329   1        Fire_Alarm_LED = 1;
 330   1        Timer2_Start();
 331   1      }
 332          static void fire_led_blink_stop(void)
 333          {
 334   1        Timer2_Stop();
 335   1        Fire_Alarm_LED = 0;
 336   1        LED_R_OFF;
 337   1      }
 338          static void lowbat_led_blink_start(void)
 339          {
 340   1        T2_init();
 341   1        Bat_Alarm_LED = 1;
 342   1        Timer2_Start();
 343   1      }
 344          static void lowbat_led_blink_stop(void)
 345          {
 346   1        Timer2_Stop();
 347   1        Bat_Alarm_LED = 0;
 348   1        LED_G_OFF;
 349   1      }
 350          
 351          /* Play the fire-alarm clip FIRE_VOICE_REPEAT times, FIRE_VOICE_GAP_MS (0.3 s)
 352           * apart. When with_led is set, LED_R blinks at 0.2 s (Timer2) for the whole
 353           * burst; otherwise LED_R is kept off (STEP 4 external-interlock case). */
 354          static uint8_t play_fire_burst(uint8_t with_led)
 355          {
 356   1        uint8_t i, j;
 357   1        uint8_t aborted = 0;
 358   1        if (with_led) { fire_led_blink_start(); }
 359   1      
 360   1        /* Pre-warm the audio amp / CVDD rail before the first clip. Audio_Run
 361   1         * power-gates CVDD/AUDIO per clip, so from a cold start (first alarm
 362   1         * after a long idle) the rail has not settled within Audio_Run's own
 363   1         * 0.3 s delay and the first clip is often inaudible. Powering the rail
C51 COMPILER V9.54   MAIN                                                                  06/05/2026 08:42:20 PAGE 7   

 364   1         * here and letting it settle removes that cold-start penalty; clips 2/3
 365   1         * already start from a warm rail. Tune FIRE_AMP_WARMUP_MS on hardware. */
 366   1        CVDD_ON;
 367   1        AUDIO_ON;
 368   1        loop_wait_ms(FIRE_AMP_WARMUP_MS);
 369   1      
 370   1        for (i = 0; i < FIRE_VOICE_REPEAT; i++) {
 371   2          Play_Clip(AUDIO_CLIP_FIRE);   /* ~3 s, self-kicks WDT */
 372   2          if (with_led) {
 373   3            /* poll SW2 across the 0.3 s inter-clip gap so a press is caught
 374   3             * mid-burst; on press abort the remaining clips (caller plays BOOT) */
 375   3            for (j = 0; j < (uint8_t)(FIRE_VOICE_GAP_MS / 20u); j++) {
 376   4              if (Port_GetInputpinValue(PORT1, PIN2) == 0) { aborted = 1; break; }
 377   4              WD_Reset();
 378   4              Delay_ms(20);
 379   4            }
 380   3            if (aborted) { break; }
 381   3          } else {
 382   3            loop_wait_ms(FIRE_VOICE_GAP_MS);
 383   3          }
 384   2        }
 385   1        if (with_led) { fire_led_blink_stop(); }
 386   1        else          { LED_R_OFF;            }
 387   1        return aborted;
 388   1      }
 389          
 390          /* STEP2/3 helper: read battery, update Bat_mode with hysteresis, and fire
 391           * the immediate low-battery voice on the High->Low transition. */
 392          static void battery_check(void)
 393          {
 394   1        ADC_Bat_Val = Get_Bat_Voltage_cV();
 395   1        if (Bat_mode != Bat_Low_mode) {
 396   2          if (ADC_Bat_Val <= BAT_LOW_CV) {
 397   3            Bat_mode = Bat_Low_mode;
 398   3            lowbat_led_blink_start();
 399   3            Play_Clip(AUDIO_CLIP_LOWBAT);   /* STEP3: immediate 1x on entry */
 400   3            lowbat_led_blink_stop();
 401   3          }
 402   2        } else {
 403   2          if (ADC_Bat_Val >= BAT_RECOVER_CV) {
 404   3            Bat_mode = Bat_High_mode;
 405   3          }
 406   2        }
 407   1      }
 408          
 409          /* STEP1 helper: one fire-monitoring pass - sample dust, normalize, and on a
 410           * confirmed over-threshold reading drive the alarm (voice + EMR_IO + LED_R)
 411           * until the smoke clears. Called both from the periodic STEP1 schedule and,
 412           * on the production line, right after a successful smoke calibration so the
 413           * same 12% smoke injection doubles as a functional alarm test. */
 414          static void fire_monitor_step(void)
 415          {
 416   1        ADC2_Dust_Val      = Dust_ADC_2AMP();
 417   1        ADC2_Dust_Val_Norm = calib_apply(ADC2_Dust_Val);
 418   1      
 419   1        if (uart_debug_mode == uart_debug_On) {
 420   2          ADC_Bat_Val = Get_Bat_Voltage_cV();
 421   2          Uart_Out();
 422   2        }
 423   1      
 424   1        if (ADC2_Dust_Val_Norm >= CALIB_ALARM_THRESHOLD) {
 425   2          /* Pre-alarm: confirm with a 4-sample average (0.2 s blink, ~4 s). */
C51 COMPILER V9.54   MAIN                                                                  06/05/2026 08:42:20 PAGE 8   

 426   2          uint16_t smoke_avg = fire_confirm_avg(FIRE_BLINK_MS, FIRE_GAP_TOGGLES);
 427   2          uint8_t  ack;
 428   2      
 429   2          if (smoke_avg >= CALIB_ALARM_THRESHOLD) {
 430   3            /* Confirmed fire: sound the alarm until the smoke clears OR the user
 431   3             * acknowledges with SW2. Each cycle drives EMR_IO (P10) high while the
 432   3             * fire voice plays, then releases P10 to input and polls SW2:
 433   3             *   SW2 pressed     -> BOOT beep, then break out to the main loop
 434   3             *   SW2 not pressed -> re-monitor smoke (as before); loop if still fire */
 435   3            do {
 436   4              /* drive EMR_IO high to signal the interlock while sounding */
 437   4              Port_SetOutputpin(PORT1, PIN0, 0);
 438   4              P10 = 1;
 439   4      
 440   4              /* voice: FIRE x3, 0.3 s apart, LED_R 0.2 s blink (Timer2) */
 441   4              ack = play_fire_burst(1);   /* 1 = SW2 pressed mid-burst (abort) */
 442   4      
 443   4              /* after the fire voice: release EMR_IO to input (Hi-Z; the external
 444   4               * 220K pull-down sets the line low) */
 445   4              Port_SetInputpin(PORT1, PIN0, 0);
 446   4      
 447   4              /* SW2 pressed (mid-burst or now) -> acknowledge: BOOT beep, exit to main loop */
 448   4              if (ack || Port_GetInputpinValue(PORT1, PIN2) == 0) {
 449   5                Play_Clip(AUDIO_CLIP_BOOT);
 450   5                break;
 451   5              }
 452   4      
 453   4              /* not pressed -> re-monitor fire (as before): 4 samples,
 454   4               * 0.25 s blink, 0.5 s/sample, ~2 s */
 455   4              smoke_avg = fire_confirm_avg(FIRE_RECHECK_HALF_MS, FIRE_RECHECK_TOGGLES);
 456   4              if (uart_debug_mode == uart_debug_On) {
 457   5                Uart_Out_Fire(smoke_avg);
 458   5              }
 459   4            } while (smoke_avg >= CALIB_ALARM_THRESHOLD);
 460   3      
 461   3            /* Cleared or acknowledged: stop alarm, ensure interlock released. */
 462   3            LED_R_OFF;
 463   3            Port_SetInputpin(PORT1, PIN0, 0);
 464   3          }
 465   2        }
 466   1      }
 467          
 468          
 469          /* Public Variable -----------------------------------------------------------*/
 470          /* Public Function -----------------------------------------------------------*/
 471          
 472          /**********************************************************************
 473           * @brief   main - standard C program entry point.
 474           * @param   None
 475           * @return  None
 476           **********************************************************************/
 477          void main(void)
 478          {
 479   1      
 480   1        //LDO_OFF;
 481   1        //CVDD_OFF;
 482   1        //AUDIO_OFF;
 483   1        system_count = 0;
 484   1      //  uart_debug_mode = uart_debug_On;
 485   1        uart_debug_mode = uart_debug_Off;
 486   1      
 487   1        hw_initial_Wait(10);
C51 COMPILER V9.54   MAIN                                                                  06/05/2026 08:42:20 PAGE 9   

 488   1      
 489   1       SystemStatus = SPI_Memory_Check();
 490   1      
 491   1        ADC_mode = Check_System();
 492   1      
 493   1        hw_initial_Wait(10);
 494   1        system_count = 0;
 495   1      
 496   1        SYS_mode =  Normal_mode;
 497   1      
 498   1        /* Boot / calibration initialisation (matches the existing product family).
 499   1         *
 500   1         *   STEP 1 - Power-on indication.
 501   1         *     calib_step1_boot_led(): LED_G + LED_R on together for 0.2 s.
 502   1         *
 503   1         *   STEP 2-1 - Flash erase + baseline capture (SW2 held at power-up).
 504   1         *     calib_erase_with_animation(): alternate G/R while held; on
 505   1         *     release erase the page, capture one clean-air baseline, save
 506   1         *     {baseline, gain=256} and set g_calib_needs_smoke = 1.
 507   1         *
 508   1         *   STEP 2-2 - Load (SW2 not held at power-up).
 509   1         *     calib_boot_init(): load baseline / gain_Q8 from DataFlash.
 510   1         *
 511   1         *   STEP 3 - Smoke gain calibration.
 512   1         *     Lives in the main loop (see the SW2 hold handler below):
 513   1         *     LED_R + release wait + place phase + 5-sample mean + gain save.
 514   1         */
 515   1      
 516   1        Port_SetInputpin(PORT1, PIN2, 1);
 517   1      
 518   1        /* STEP 1: power-on indication. */
 519   1        calib_step1_boot_led();
 520   1        
 521   1        if(uart_debug_mode == uart_debug_On){
 522   2          Uart_Out_Text( Boot_OK,11);
 523   2        }
 524   1      
 525   1      
 526   1        Delay_ms(300);
 527   1        if (Port_GetInputpinValue(PORT1, PIN2) == 0) {
 528   2          /* STEP 2-1: SW2 held -> erase + capture baseline + save. */
 529   2          calib_erase_with_animation();
 530   2        } else {
 531   2          /* STEP 2-2: SW2 not held -> load saved calibration. */
 532   2          calib_boot_init();
 533   2        }
 534   1        
 535   1        /* STEP 2 once before entering the loop (power LED + battery check). */
 536   1        Bat_mode = Bat_High_mode;
 537   1        LED_R_ON;
 538   1        Delay_ms(200);
 539   1        LED_R_OFF;
 540   1        battery_check();
 541   1        system_count = 1;   /* avoid count==0 immediately re-triggering STEP1/2 */
 542   1      
 543   1        hw_initial_Wait(10);
 544   1      
 545   1        while(1)
 546   1        {
 547   2      
 548   2          // Arm RESET-mode WDT (~2 s timeout) at the top of every loop
 549   2          // iteration for active-code hang protection. BeforeStop() swaps
C51 COMPILER V9.54   MAIN                                                                  06/05/2026 08:42:20 PAGE 10  

 550   2          // it back to INTERRUPT mode before Stop() so the wake timer
 551   2          // still works.
 552   2          WD_Reset();
 553   2      
 554   2        // =====================================================================
 555   2        // Main-loop procedure (STEP 1..5) - see docs/main_loop_design.md
 556   2        // Base wake/sleep behaviour: docs/wdt_periodic_v3.md
 557   2        // =====================================================================
 558   2      
 559   2          
 560   2        // STEP 1 - Fire monitoring (every FIRE_CHECK_CNT wakes, ~8.06 s)
 561   2        //////////////////////////////////////////////////////////////////////////////////////////
 562   2          if (system_count % FIRE_CHECK_CNT == 0) {
 563   3            fire_monitor_step();
 564   3          }
 565   2      
 566   2        // STEP 2 - Power LED + battery check (every LED_BAT_CNT wakes, ~56 s)
 567   2        //////////////////////////////////////////////////////////////////////////////////////////
 568   2          if (system_count % LED_BAT_CNT == 0) {
 569   3            LED_R_ON;
 570   3            Delay_ms(200);
 571   3            LED_R_OFF;
 572   3            battery_check();
 573   3          }
 574   2      
 575   2        // STEP 3 - Low-battery alarm repeat (every LOWBAT_ALARM_CNT wakes, ~280 s)
 576   2        //////////////////////////////////////////////////////////////////////////////////////////
 577   2          if (Bat_mode == Bat_Low_mode && (system_count % LOWBAT_ALARM_CNT == 0)) {
 578   3            lowbat_led_blink_start();
 579   3            Play_Clip(AUDIO_CLIP_LOWBAT);
 580   3            lowbat_led_blink_stop();
 581   3          }
 582   2      
 583   2        // STEP 4 - External interlock fire alarm (every wake)
 584   2        //////////////////////////////////////////////////////////////////////////////////////////
 585   2          Port_SetInputpin(PORT1, PIN0, 0);
 586   2          if (Port_GetInputpinValue(PORT1, PIN0) == 1) {
 587   3            LED_R_OFF;
 588   3            play_fire_burst(0);          /* external interlock: LED_R stays off */
 589   3            loop_wait_ms(2000);
 590   3          }
 591   2      
 592   2        // STEP 5 - Status check : SW2 held in Normal mode (every wake)
 593   2        //////////////////////////////////////////////////////////////////////////////////////////
 594   2          /* sample SW2 once; act only on a fresh press (released->pressed) so a held
 595   2           * button does not repeat the test/calibration each wake (long-press = one shot) */
 596   2          sw2_cur_pressed = (Port_GetInputpinValue(PORT1, PIN2) == 0) ? 1 : 0;
 597   2          if (SYS_mode == Normal_mode && sw2_cur_pressed && !sw2_prev_pressed) {
 598   3      
 599   3            if (g_calib_needs_smoke == 1) {
 600   4              calib_run_smoke();
 601   4              /* Production: the 12% smoke used for gain calibration is
 602   4               * still present, so run one fire-monitoring pass right away
 603   4               * to validate the alarm (voice + EMR_IO + LED) within the
 604   4               * same smoke injection. Only after a successful save - on a
 605   4               * reject g_calib_needs_smoke stays 1 and there is too little
 606   4               * smoke to confirm anyway. The alarm self-clears once the
 607   4               * smoke is removed. */
 608   4              if (g_calib_needs_smoke == 0) {
 609   5                
 610   5                  if(uart_debug_mode == uart_debug_On){
 611   6                    Uart_Out_Text( Cal_OK,10);
C51 COMPILER V9.54   MAIN                                                                  06/05/2026 08:42:20 PAGE 11  

 612   6                    Uart_Out();
 613   6                  }
 614   5                  
 615   5                fire_monitor_step();
 616   5              }
 617   4            } else {
 618   4              /* Calibrated: manual fire test - LED_R blinks at 0.5 s
 619   4               * (Timer2) during the voice playback. */
 620   4              Port_SetOutputpin(PORT1, PIN0, 0);
 621   4              P10 = 1;
 622   4              fire_led_blink_start();
 623   4              Play_Clip(AUDIO_CLIP_FIRE);   /* 1x */
 624   4              fire_led_blink_stop();
 625   4              //P10 = 0;  /* release: do NOT drive low; switch straight to input (Hi-Z) and let the external 220K pu
             -ll-down set EMR_IO low -> avoids a brief low-drive against another unit holding the shared interlock line high */
 626   4              Port_SetInputpin(PORT1, PIN0, 0);
 627   4            }
 628   3          }
 629   2      
 630   2      
 631   2          sw2_prev_pressed = sw2_cur_pressed;  /* remember SW2 state for next-wake edge detect */
 632   2      
 633   2        system_count++;
 634   2      
 635   2          // Sleep cycle: BeforeStop arms WDT as INTERRUPT-mode wake timer
 636   2          // (WDTDR=2, ~0.192 s) for button-polling resolution.
 637   2          // After wake, the top-of-loop WD_Reset() switches WDT back to
 638   2          // RESET mode for the next iteration's hang protection.
 639   2        BeforeStop();
 640   2        GLOBAL_INTERRUPT_EN();
 641   2        Stop();
 642   2        AfterStop();
 643   2      
 644   2        }
 645   1      }
 646          
 647          void Start_Debug_Mode(void){
 648   1        
 649   1        Port_SetInputpin(PORT1, PIN2, 1);  // key input & mode0 -> button input; held at power-up == enter UART m
             -ode
 650   1        Delay_ms(300);                            // settle time before ADC mode sampling
 651   1      
 652   1        if(Port_GetInputpinValue(PORT1, PIN2)  == 0){
 653   2          SYS_mode = UART_mode;
 654   2        }
 655   1        else{
 656   2          SYS_mode = Normal_mode;
 657   2        }
 658   1      
 659   1        LED_G_ON;
 660   1        Delay_ms(5);
 661   1        LED_G_OFF;
 662   1      
 663   1        // Wait until the button is released, then enter UART debug loop
 664   1        if(SYS_mode == UART_mode){
 665   2            while(1){
 666   3              LED_G_ON;
 667   3              if(Port_GetInputpinValue(PORT1, PIN2)  == 1){
 668   4                break;
 669   4              }
 670   3            }
 671   2      
C51 COMPILER V9.54   MAIN                                                                  06/05/2026 08:42:20 PAGE 12  

 672   2            LED_G_OFF;
 673   2      
 674   2            // ===== UART debug mode infinite loop =====
 675   2            
 676   2            while(1){
 677   3      
 678   3              LED_R_ON;
 679   3              
 680   3              ADC_Bat_Val = Get_Bat_Voltage_cV();
 681   3              ADC_Temp_Val = TEMP_ADC();
 682   3              ADC1_Dust_Val = Dust_ADC_1AMP();
 683   3              ADC2_Dust_Val = Dust_ADC_2AMP();
 684   3        //      ADC2_Dust_Val_Norm = calib_apply(ADC2_Dust_Val);
 685   3      
 686   3              Uart_Out();
 687   3      
 688   3              Delay_ms(250);
 689   3              LED_R_OFF;
 690   3              Delay_ms(250);
 691   3              WD_Reset();
 692   3            }
 693   2      
 694   2          }
 695   1      }
 696          
 697          
 698          
 699          //////////////// Start: System initialization helpers ////////////////
 700          
 701          void hw_initial(void) {
 702   1        
 703   1        if(Audio_start == 1) {
 704   2            SLAVEDESELECT;  
 705   2            AUDIO_OFF;          
 706   2            Timer0_Stop();     
 707   2            Audio_start = 0;
 708   2            Audio_length = 0;
 709   2        }
 710   1      
 711   1        BITCR = 0x60;                                              // BIT cnt cleared, Select 0Bit overflow perio
             -d
 712   1        
 713   1      #ifdef SysClock_1MHZ  
                OSCCR = 0x08;                                            // System clock: 1MHz
              #else 
 716   1        OSCCR = 0x18;                                            // System clock: 4MHz
 717   1                                                                // If 0x00/0x08/0x10/0x18, 0.5MHz/1MHz/2MHz/4MHz
 718   1      #endif
 719   1      
 720   1        RSTFR = 0x00;                                            // Clear all reset flags
 721   1      
 722   1        
 723   1        // Port 0
 724   1        P0 = 0xC0;                      // 0 : Low, 1 : High
 725   1        P0OD = 0x00;                // 0 : Disable, 1 : Enable (Open-drain)
 726   1        P0PU = 0X00;                 // 0 : Disable,  1 : Enable (Pull-up)
 727   1        P0IO = 0xc1;                  // 0 : Input, 1 : Output
 728   1        //P0FSRH = 0x05;                                                          // P[7]: normal I/O, P[5:0]: Am
             -p
 729   1        //P0FSRL = 0x55;
 730   1        P0FSRH  = 0
 731   1          | ( 0 << 6)       //P07     // 0 : I/O (EINT3), 1 : ICS1                  // LED_R        
C51 COMPILER V9.54   MAIN                                                                  06/05/2026 08:42:20 PAGE 13  

 732   1          | ( 0 << 4)       //P06     // 0 : I/O (EINT2), 1 : ICS0                  // LED_G
 733   1          | ( 1 << 2)       //P05     // 0 : I/O, 1 : OP0P,                       // SENISNG OP0P
 734   1          | ( 1 << 0);      //P04     // 0 : I/O, 1 : OP0N                          // SENSING OP0N
 735   1          
 736   1        P0FSRL  = 0
 737   1          | ( 1 << 6)       //P03     // 0 : I/O, 1 : OP0OUT,   2 : AN3,      3 : Not used          // SENSING IN ADC 
 738   1          | ( 1 << 4)       //P02     // 0 : I/O, 1 : OP1P,   2 : AN2,      3 : Not used          // 
 739   1          | ( 1 << 2)       //P01     // 0 : I/O (EINT1), 1 : OP1N,  2 : AN1, 3 : Not used        // Not use
 740   1          | ( 0 << 0);      //P00     // 0 : I/O (EINT0), 1 : OP1OUT,   2 : AN0,  3 : Not used      // C_VDD
 741   1          
 742   1        P0DB  = 0
 743   1          | ( 0 << 6)     //DBCLK[1:0]  // 00 : fx (SCLK),  01 : fx/4,  10 : fx/16, 11 : fx/64
 744   1          | ( 0 << 3)     //P07DB   // 0 : Disable, 1 : Enable
 745   1          | ( 0 << 2)     //P06DB   // 0 : Disable, 1 : Enable
 746   1          | ( 0 << 1)     //P10DB   // 0 : Disable, 1 : Enable
 747   1          | ( 0 << 0);    //P00DB   // 0 : Disable, 1 : Enable
 748   1                                                 // Low level
 749   1      
 750   1        // Port 1
 751   1        
 752   1        P1 = 0x00;                      // 0 : Low, 1 : High                // audio off
 753   1        P1OD = 0x00;                  // 0 : Disable, 1 : Enable (Open-drain)
 754   1        P1PU = 0x04;                  // 0 : Disable, 1 : Enable (Pull-up) // SW2 test-switch pull-up
 755   1        //P1PU = 0x0;                   // 0 : Disable, 1 : Enable (Pull-up)
 756   1        P1IO = 0x32;                  // 0 : Input, 1 : Output
 757   1        
 758   1      
 759   1        //P12DB = 0x00;                     //P1/P2 Debounce disable
 760   1        //P1FSRH = 0x08;                                                          // P1[5]: AN6, others: normal I
             -/O
 761   1        //P1FSRL = 0x00;                                                          // P1[3:0]: Normal I/O
 762   1        /* P15 = LDO23 alternate function so LDO_ON drives the 2.32 V output
 763   1         * out to the external AVREF / divider network. Boot sleep current
 764   1         * was previously verified not to depend on this bit (the 90 uA
 765   1         * leakage tracked to AMPCR0 "Always" mode, since fixed). LDOCR is
 766   1         * still cleared below so the LDO is OFF at boot until LDO_ON is
 767   1         * called. */
 768   1        P1FSRH  = 0
 769   1          | ( 1 << 2)       //P15  // 0 : I/O,  1 : LDO23,   2 : AN6, 3 : (SDA)
 770   1          | ( 0 << 0);      //P14  // 0 : I/O (EINT11), 1 : T1O/PWM1O,   2 : SCL, 3 : Not used    // /AUD ON
 771   1      
 772   1        LDOCR = 0x00;     /* LDO block OFF at boot until ADC code calls LDO_ON */
 773   1          
 774   1          P1FSRL  = 0
 775   1          | ( 0 << 6)       //P13  // 0 : I/O (EC1),  1 : (RXD/MISO)              // DSDA
 776   1          | ( 0 << 4)       //P12  // 0 : I/O (EC0),  1 : (TXD/MOSI)                // DSCL
 777   1          | ( 1 << 2)       //P11  // 0 : I/O (EINT10), 1 : T0O/PWM0O             // AUDIO SIG
 778   1          | ( 0 << 0);      //P10  // 0 : I/O,  1 : (SCK)                   // EMR_IO
 779   1      
 780   1          P12DB = 0
 781   1          | ( 0 << 5)     //P21DB   // 0 : Disable, 1 : Enable
 782   1          | ( 0 << 4)     //P20DB   // 0 : Disable, 1 : Enable
 783   1          | ( 0 << 2)     //P14DB   // 0 : Disable, 1 : Enable
 784   1          | ( 0 << 1)     //P11DB   // 0 : Disable, 1 : Enable
 785   1          | ( 0 << 0);      //P10DB   // 0 : Disable, 1 : Enable
 786   1          
 787   1        
 788   1          
 789   1        // Port 2
 790   1        P2 = 0x00;                        // 0 : Low, 1 : High
 791   1        P2OD = 0x00;                    // 0 : Disable, 1 : Enable (Open-drain)
 792   1        P2PU = 0x00;                    // 0 : Disable, 1 : Enable (Pull-up)
C51 COMPILER V9.54   MAIN                                                                  06/05/2026 08:42:20 PAGE 14  

 793   1        P2IO = 0x0f;                      // 0 : Input, 1 : Output
 794   1        //P2FSR = 0x00;                      // P2[3:0]: I/O
 795   1        P2FSR   = 0
 796   1          | ( 1 << 6)     // 0 : P23,  1 : TXD/MOSI,  2 : AN5,     3 : Not used         //mosi
 797   1          | ( 1 << 4)     // 0 : P22,  1 : RXD/MISO,  2 : AN4,     3 : Not used         // miso
 798   1          | ( 1 << 2)         // 0 : P21 (EC2),  1 : SCK,   2 : (SCL),     3 : Not used           // sck
 799   1          | ( 0 << 0);        // 0 : P20 (EINT12),  1 : T2O/PWM2O,   2 : SDA,     3 : Not used      // cs 
 800   1      
 801   1      
 802   1      
 803   1        
 804   1          // Timer 0 
 805   1        T0CRL = 0x80;                                                           // Timer 0: fx/4
 806   1        T0CRH = 0x01;                                                           // Timer 0: disable, clear counte
             -r
 807   1        T0ADRH = (unsigned char)(T_USEC>>8);
 808   1        T0ADRL = (unsigned char)(T_USEC&0xff);
 809   1        // Timer 1
 810   1        T1CRL = 0x00
 811   1            |(1<<5);                                                          // Timer 1: if 0/1/2.../7, fx divide
             -d by 2048/512/64/8/4/2/1/EC1
 812   1        T1CRH = 0x81;                                                           // Timer 1: if 0/8, Dis/Enable, c
             -lear counter
 813   1        //T1CRH = 0x01;                                                           // Timer 1: if 0/8, Dis/Enable,
             - clear counter
 814   1        T1ADRH = (unsigned char)(TIME_2S>>8);
 815   1        T1ADRL = (unsigned char)(TIME_2S&0xff);
 816   1      
 817   1        
 818   1        // Timer 2
 819   1        T2CRL = 0x00;                                            // Timer 2: fx/1
 820   1        T2CRH = 0x00;                                            // Timer 2: Disable, Clear counter
 821   1      
 822   1        // WDT
 823   1        WDTCR = 0x00
 824   1            |(0<<7)                                            // If 0/1, Diable/Enable WDT operation
 825   1            |(0<<6)                                            // If 0/1, "Free running 8-bit timer"/"Reset by WDT"
 826   1            |(1<<5)                                            // If 0/1, "No effect"/"Clear WDT Counter"
 827   1            |(0<<1)                                            // If 0/1/2, Select WDT Clock as "BIT Overflow"/ LFI
             -RC /WDTRC
 828   1            |(0<<0);                                           // Clear WDTIFR
 829   1        
 830   1        // LVR
 831   1        LVRIDR = 0x59;                                           // Id value to write data to the LVRCR register
 832   1        LVRCR = 0x01;                                            // LVR Disable
 833   1       
 834   1        // Amp
 835   1        AMPCR0 = 0x00
 836   1            |(0<<6)                                                         // If 0/1, Disable/Enable filter OP1OUT
             - for ADC
 837   1            |(0<<4)                                                         // If 0/1/2/3, Select No/AMP0/AMP1/"AMP
             -0/1" discharge channel
 838   1            |(0<<2)                                                         // If 0/1/2/3, Select discharge time du
             -ring Disable/100us/200us/300us
 839   1            |(AMP_AUTO_DIS<<1)                                              // If 0/1, AMP1 Always/"Auto disable af
             -ter ADC"
 840   1            |(AMP_AUTO_DIS<<0);                                             // If 0/1, AMP0 Always/"Auto disable af
             -ter ADC"
 841   1        /* OPAMP block disabled at boot. AMP_AUTO_DIS = 1 in main.h puts the
 842   1         * OPAMP into "auto-disable" mode so the analog block goes idle when
 843   1         * ADC is not converting - critical for ~2 uA sleep current.
 844   1         * If dust sensing is ever re-introduced, set the relevant enable bits
C51 COMPILER V9.54   MAIN                                                                  06/05/2026 08:42:20 PAGE 15  

 845   1         * (AMPCR1 b7=Amp1, b3=Amp0) at the call site, then clear them after. */
 846   1        AMPCR1 = 0x00
 847   1            |(0<<7)                                                       // If 0/1, Disable/Enable Amp1
 848   1            |(0<<4)                                                       // If 0/1/2/3/4/5/6/7, "Disable gain"/x1/
             -x2/x10/x15/x20/x30/x60
 849   1            |(0<<3)                                                       // If 0/1, Disable/Enable Amp0
 850   1            |(0<<0);                                                      // If 0/1/2/3, "Disable gain"/x5/x10/x20
 851   1        CHPCR = (0<<0);                                                         // If 0/1/2/3, 125/167/250/500 [k
             -Hz] chopper clock
 852   1        // ADC
 853   1        ADCCRH = 0x00
 854   1            |(0<<7)                                                         // Clear ADCIFR
 855   1            |(0<<3)                                                         // If 0/1, ADC Trigger Signal: ADST/"Ti
             -mer 0"
 856   1            |(0<<2)                                                         // If 0/1, ADC Data Align: MSB/LSB . 0 
             -= MSB
 857   1            |(0<<0);                                                        // If 0/1/2/3, 1/0.5/0.25/0.125 [MHz]
 858   1        ADCCRL = 0x00
 859   1            |(0<<7)                                                         // If 0/1, Disable/Enable ADC Module
 860   1            |(0<<6)                                                         // If 0/1, No/Start
 861   1            |(0<<5)                                                         // If 0/1, Reference VDD/AVREF
 862   1            |(0x6<<0);                                                      // sel. AN6
 863   1            //|(0xA<<0);                                                      // If 0/1////, AN0/AN1/////AMP1
 864   1        // USART
 865   1        USTBD = (unsigned char)(4000000/9600/16 - 1);            // 4MHz/(Baud Rate)/16 - 1
 866   1        USTCR1 = 0x00
 867   1            |(0<<6)                                           // If 0/1/2/3, UART/Synchronous/Reserved/SPI Mode
 868   1            |(0<<4)                                           // If 0/1/2/3, No/Reserved/Even/Odd Parity
 869   1            |(3<<1)                                           // If 0/1/2/3/7, 5/6/7/8/9-bit Data
 870   1            |(0<<0);                                          // If 0/1, TxD change @Rising/@Falling only SPI mode
 871   1        USTCR2 = 0x00
 872   1            |(0<<7)                                           // If 0/1, Disable/Enable DRE Interrupt
 873   1            |(0<<6)                                           // If 0/1, Disable/Enable TXC Interrupt
 874   1            |(0<<5)                                           // If 0/1, Disable/Enable RXC Interrupt
 875   1            |(0<<4)                                           // If 0/1, Disable/Enable WAKE Interrupt
 876   1            |(0<<3)                                           // If 0/1, Disable/Enable Transmitter
 877   1            |(0<<2)                                           // If 0/1, Disable/Enable Receiver
 878   1            |(0<<1)                                           // If 0/1, Disable/Enable USART Block
 879   1            |(0<<0);                                          // If 0/1, Normal/Double Speed Operation
 880   1        USTCR3 = 0x00
 881   1            |(0<<7)                                           // If 0/1, Slave/Master in SPI or Synchronous mode
 882   1            |(0<<6)                                           // If 0/1, Normal/"Loop back" Operation
 883   1            |(0<<5)                                           // When synchronous mode only
 884   1            |(0<<4)                                           // If 0/1, Disable/Enable SS Pin
 885   1            |(0<<3)                                           // If 0/1, No/Exchange MOSI and MISO
 886   1            |(0<<2);                                          // If 0/1, 1/2 Stop bit
 887   1      
 888   1        // ICSx
 889   1        #ifdef CC_USE
              
                ICSCR = 0x00;                                            // If 0x00/0x05/0x0a, Disable/"Enable ICS0"/"Ena
             -ble ICS1"
                ICSDR0 = 0x06;                                           // If 0/1/.../15, abot 50 + 15 x data [mA]
                ICSDR1 = 0x06;                                           // If 0/1/.../15, abot 50 + 15 x data [mA]
                P0FSRH |= 0xF0;                     // P07 function set to ICS1, P06 function set to ICS0
                #else
 896   1        ICSCR = 0x00;                                            // If 0x00/0x05/0x0a, Disable/"Enable ICS0"/"Ena
             -ble ICS1"
 897   1        ICSDR0 = 0x00;                                           // If 0/1/.../15, abot 50 + 15 x data [mA]
 898   1        ICSDR1 = 0x00;                                           // If 0/1/.../15, abot 50 + 15 x data [mA]
 899   1        
 900   1        #endif
C51 COMPILER V9.54   MAIN                                                                  06/05/2026 08:42:20 PAGE 16  

 901   1        // External Interrupt
 902   1        EIPOL0 = 0x00                                            // If 0x00/0x01/0x02/0x03, Disable/Rising/Fallin
             -g/Both
 903   1            |(0x00<<6)                                        // EINT3
 904   1            |(0x00<<4)                                        // EINT2
 905   1            |(0x00<<2)                                        // EINT1
 906   1            |(0x00<<0);                                       // EINT0
 907   1        EIPOL1 = 0x00                                            // If 0x00/0x01/0x02/0x03, Disable/Rising/Fallin
             -g/Both
 908   1            |(0x00<<4)                      // EINT12
 909   1            |(0x00<<2)                                        // EINT11
 910   1            |(0x00<<0);                                       // EINT10
 911   1        EIFLAG = 0x00;                                           // Clear all external interrupt flags
 912   1      
 913   1        // Initialize Interrupt Registers
 914   1        IP = 0x00;                                         // Priority level 0
 915   1        IP1 = 0x00;                                        // Priority level 0
 916   1        IE = 0x00
 917   1          |(0<<5)                                              // EINT11
 918   1          |(0<<4)                                              // EINT10
 919   1          |(0<<3)                                              // EINT3
 920   1          |(0<<2)                                              // EINT2
 921   1          |(0<<1)                                              // EINT1
 922   1          |(0<<0);                                             // EINT0
 923   1        IE1 = 0x00
 924   1          |(0<<5)                                              // EINT12 Interrupt
 925   1          |(0<<1)                                              // I2C Interrupt
 926   1          |(0<<0);                                             // ADC Interrupt
 927   1        IE2 = 0x00
 928   1          |(0<<5)                                              // USART Tx Interrupt
 929   1          |(0<<4)                                              // USART Rx Interrupt
 930   1          |(0<<2)                                              // Timer 2 Interrupt
 931   1          |(0<<1)                                              // Timer 1 Interrupt
 932   1          |(0<<0);                                             // Timer 0 Interrupt
 933   1        IE3 = 0x00
 934   1          |(0<<4)                                              // BIT Interrupt
 935   1          |(0<<3);                                             // WDT Interrupt
 936   1      
 937   1      }
 938          
 939          
 940          /**********************************************************************
 941           * @brief   Delay_ms
 942           * @param     None
 943           * @return  None
 944           **********************************************************************/
 945          void Delay_ms(uint16_t msec)
 946          {
 947   1      
 948   1        uint16_t i;
 949   1      
 950   1        for(i=0;i<msec;i++){
 951   2          NOP_20us_Delay(50);
 952   2        }
 953   1      
 954   1      }
 955          
 956          /**********************************************************************
 957           * @brief   hw_initial_Wait
 958           * @param     None
 959           * @return  None
 960           **********************************************************************/
C51 COMPILER V9.54   MAIN                                                                  06/05/2026 08:42:20 PAGE 17  

 961          //     ms . 
 962          void hw_initial_Wait(int msec){
 963   1        
 964   1        GLOBAL_INTERRUPT_DIS();     
 965   1        hw_initial();
 966   1        
 967   1        CVDD_OFF;
 968   1        Port_SetOutputpin(PORT1, PIN3, 0); // CS 
 969   1      
 970   1        Delay_ms(msec);
 971   1        
 972   1          /* Enable INT */
 973   1        GLOBAL_INTERRUPT_EN();  
 974   1        
 975   1      }
 976          
 977          uint8_t SPI_Memory_Check(void){
 978   1        
 979   1        uint8_t SystemStatus_Read;
 980   1        uint8_t deviceID[3];
 981   1        
 982   1          // SPI Memory Check
 983   1        // CVDD_ON drives P20 = 1, which is the C_VDD signal supplying VCC to
 984   1        // U3 (MX25L1006E). P20 is a regular GPIO output (~50 ohm), so the
 985   1        // flash supply rail (C14 decoupling) charges through that impedance.
 986   1        CVDD_ON;             // P20 = 1 -> C_VDD high -> flash VCC ON
 987   1      
 988   1        // Wait for flash VCC to settle after C_VDD goes high (10 uF cap
 989   1        // on the rail charges through the P20 GPIO output impedance).
 990   1        NOP_20us_Delay(500);  // ~10 ms settle time for 10 uF flash VCC
 991   1      
 992   1        // SPI Initial
 993   1        USART_SPI_Initial(SPI_MASTER_MODE, 500000, SPI_MSB, SPI_CPOL_LOW, SPI_CPHA_1EDGE, SPI_TX_RX_MODE, SPI_SS_
             -HW_DISABLE);   // 500000
 994   1      
 995   1        Get_Identification(deviceID);
 996   1      
 997   1        // Match expected MX25L1006E JEDEC ID + verify no SPI timeout
 998   1        // (so a 0xFF-on-each-byte timeout doesn't look like a partial match).
 999   1        if( (deviceID[0]==0xC2)&&(deviceID[1]==0x20)&&(deviceID[2]==0x11) && (SPI_Timeout == 0) )
1000   1        {
1001   2          SystemStatus_Read=1;
1002   2        }
1003   1        else{
1004   2          SystemStatus_Read=0;
1005   2        }
1006   1      
1007   1        CVDD_OFF;
1008   1        
1009   1          if(SystemStatus_Read == 1){
1010   2          
1011   2          LED_G_ON;
1012   2          Delay_ms(50);
1013   2          LED_G_OFF;
1014   2          
1015   2        }
1016   1        else{
1017   2          
1018   2          LED_R_ON;
1019   2          Delay_ms(50);
1020   2          LED_R_OFF;
1021   2        }
C51 COMPILER V9.54   MAIN                                                                  06/05/2026 08:42:20 PAGE 18  

1022   1        
1023   1        
1024   1        Delay_ms(100);
1025   1        LED_G_ON;
1026   1        LED_R_ON;
1027   1        Delay_ms(50);
1028   1        LED_G_OFF;
1029   1        LED_R_OFF;
1030   1        
1031   1        return SystemStatus_Read;
1032   1      }
1033          
1034          
1035          /**********************************************************************
1036           * @brief   T2_init
1037           * @param     None
1038           * @return  None
1039           **********************************************************************/
1040          void T2_init(void){
1041   1        /* Timer2 initialize @ 62500Hz */
1042   1        Timer2_Initial(T2_PPG_REPEAT_MODE, TIMER2_DIV64);
1043   1        
1044   1         /* Timer2 PPG Polarity Start Low */
1045   1        Timer2_SetPPGPolarity(T2_START_LOW);
1046   1        
1047   1         /* Timer2 PPG Period Counter (31250) 62500/31250 = 2Hz  */
1048   1        Timer2_SetPPGPeriodCounter(62500 / 10);
1049   1        
1050   1          /* Enable timer2 match INT */   
1051   1        Timer2_ConfigureInterrupt(TRUE);
1052   1        
1053   1        Timer2_cnt = 0;
1054   1      }
1055          
1056          /**********************************************************************
1057           * @brief   TIMER2_Int(void) interrupt T2_MATCH_VECT
1058           * @param     None
1059           * @return  None
1060           **********************************************************************/
1061          
1062          void TIMER2_Int(void) interrupt T2_MATCH_VECT
1063          {
1064   1        
1065   1        
1066   1        /* Fire alarm LED_R: 0.2 s period (0.1 s on / 0.1 s off). Timer2 ticks
1067   1         * every 0.1 s, so toggle on each tick (even cnt = on, odd = off).
1068   1         * Evaluated every tick so LED_R keeps blinking while a blocking
1069   1         * Play_Clip() holds the main loop (audio runs on the Timer1 ISR, so
1070   1         * global interrupts stay enabled and Timer2 also fires). */
1071   1        if(Fire_Alarm_LED == 1){
1072   2          if((Timer2_cnt & 0x01) == 0){
1073   3            LED_R_ON;
1074   3          }
1075   2          else{
1076   3            LED_R_OFF;
1077   3          }
1078   2        }
1079   1      
1080   1        /* Low-battery LED_G: 0.2 s period (0.1 s on / 0.1 s off), same scheme as the
1081   1         * fire LED_R above - toggle on each 0.1 s Timer2 tick. Keeps blinking while a
1082   1         * blocking Play_Clip(AUDIO_CLIP_LOWBAT) runs (audio on Timer1 ISR keeps global
1083   1         * interrupts enabled, so Timer2 still fires). */
C51 COMPILER V9.54   MAIN                                                                  06/05/2026 08:42:20 PAGE 19  

1084   1        if(Bat_Alarm_LED == 1){
1085   2          if((Timer2_cnt & 0x01) == 0){
1086   3            LED_G_ON;
1087   3          }
1088   2          else{
1089   3            LED_G_OFF;
1090   3          }
1091   2        }
1092   1      
1093   1        Timer2_cnt++;
1094   1        
1095   1        if(Timer2_cnt == 10){
1096   2          Timer2_cnt = 0;
1097   2        }
1098   1        
1099   1        if(SYS_mode == In_Fire_al_mode){
1100   2          
1101   2          if(Port_GetInputpinValue(PORT1, PIN2)  == 0){
1102   3            Al_Stop_key_Count++;
1103   3          }
1104   2          else{
1105   3            Al_Stop_key_Count = 0;
1106   3          }
1107   2          
1108   2          if(Al_Stop_key_Count > 5){
1109   3            SYS_mode  = Al_Stop_mode;
1110   3            LED_G_ON;
1111   3          }
1112   2            
1113   2        }
1114   1        
1115   1      }
1116          
1117          
1118          //////////////// End: System initialization helpers ////////////////
1119          
1120          
1121          
1122          //////////////// Start: Watchdog / sleep helpers ////////////////
1123          
1124          //----------------------------------------------------------------------------
1125          void BeforeStop(void)
1126          {
1127   1        /* Defensive OPAMP disable before sleep.
1128   1         * Root cause was AMP_AUTO_DIS=0 in main.h + missing DELAY_TIME macro
1129   1         * which selected the OPAMP-enable branch in hw_initial. Both are now
1130   1         * fixed, but keep this write as a safety net in case future code
1131   1         * enables OPAMP and forgets to clear it before sleep. */
1132   1        AMPCR1 = 0x00;
1133   1        LDOCR  = 0x00;     /* defensive: LDO OFF in case ADC code forgot LDO_OFF */
1134   1      
1135   1        /* Defensive: drop audio amp / flash VCC / LEDs in case anything was
1136   1         * left on by the previous active-code path. */
1137   1        AUDIO_OFF;
1138   1        CVDD_OFF;
1139   1        LED_G_OFF;
1140   1        LED_R_OFF;
1141   1      
1142   1        OSCCR = 0x84;       /* LFIRC enable + HIRC disable */
1143   1        WDTCR = 0xA2;       /* WDT enable, INTERRUPT mode, LFIRC clock */
1144   1        WDTDR = 2;          /* ~0.192 s wake period */
1145   1        IE3 |= 0x08;        /* WDT interrupt enable */
C51 COMPILER V9.54   MAIN                                                                  06/05/2026 08:42:20 PAGE 20  

1146   1      }
1147          //----------------------------------------------------------------------------
1148          void AfterStop(void)
1149          {
1150   1      
1151   1        IE3 &= ~(0x08);                     // WDT interrupt disable
1152   1        //WDTCR = 0x00;
1153   1        
1154   1        /*
1155   1      #ifdef SysClock_1MHZ  
1156   1        OSCCR = 0x08;                                            // System clock: 1MHz
1157   1      #else 
1158   1        OSCCR = 0x18;                                            // System clock: 4MHz
1159   1                                                                // If 0x00/0x08/0x10/0x18, 0.5MHz/1MHz/2MHz/4MHz
1160   1      #endif
1161   1        */
1162   1        OSCCR = 0x18;                                            // System clock: 4MHz
1163   1                                                                // If 0x00/0x08/0x10/0x18, 0.5MHz/1MHz/2MHz/4MHz
1164   1      }
1165          
1166          /**********************************************************************
1167           * @brief   WD_Reset - configure WDT in RESET mode for hang protection.
1168           *
1169           *   Purpose: while the MCU is awake and executing code, the WDT must be
1170           *   armed in RESET mode so that any hang (stuck SPI poll, infinite loop,
1171           *   ISR deadlock, EMI-induced PC corruption, etc.) triggers an automatic
1172           *   MCU reset rather than leaving the device silently dead. Safety-
1173           *   critical for a fire detector.
1174           *
1175           *   The complementary wake-from-Stop timer (BeforeStop) keeps WDT in
1176           *   INTERRUPT mode with WDTDR=2 (~0.192 s). On every wake we call this
1177           *   function to switch WDT into RESET mode with the longer timeout;
1178           *   BeforeStop will switch it back before the next Stop.
1179           *
1180           *   Behaviour:
1181           *     - Clock source : WDTRC (~3.072 MHz internal, independent of MCLK)
1182           *     - Timeout      : WDTDR = 30  ->  approximately 2 seconds.
1183           *                      Long enough to cover normal active code paths
1184           *                      (Dust_ADC_Single, Delay_ms(100), hw_initial_Wait,
1185           *                      etc.); shorter than the time a real hang would
1186           *                      take to be noticeable. Longer blocking calls
1187           *                      (Audio_Run audio playback, Fire_Alarm loop) must
1188           *                      refresh the counter by calling WD_Reset()
1189           *                      themselves - see those functions below.
1190           *     - Mode         : RESET (WDTCR bit 6 set) -> MCU reset on overflow.
1191           *
1192           *   Note: WDTCR also has bit 5 (WDTCL) set, which clears the counter on
1193           *   every write, so each WD_Reset() call effectively "kicks the dog".
1194           **********************************************************************/
1195          void WD_Reset(void)
1196          {
1197   1        WDTDR = 30;                       // ~2 sec active-mode timeout
1198   1        //WDTCR = 0xA3;                     // set WDT enable , clock source LFIRC, WDT interrupt
1199   1        //WDTCR = 0xE5;                     // WDT enable, RESET mode (bit6=1), WDTRC clock, clear counter
1200   1        WDTCR = 0xE3;     /* 11100011: WDTEN=1, RESET mode, WDTCL=1, WDTCK=01 (LFIRC) */
1201   1        IE3 |= 0x08;                      // WDT interrupt enable (no effect in reset mode but harmless)
1202   1      }
1203          
1204          void WDT_Int(void) interrupt WDT_VECT
1205          {
1206   1        WDTCR &= ~0x01;
1207   1      }
C51 COMPILER V9.54   MAIN                                                                  06/05/2026 08:42:20 PAGE 21  

1208          
1209          //////////////// End:   Watchdog / sleep helpers ////////////////
1210          
1211          //////////////// Start: Audio helpers ////////////////
1212          
1213          /**********************************************************************
1214           * @brief   Variable_Initial
1215           * @param     None
1216           * @return  None
1217           **********************************************************************/
1218          void Variable_Initial(uint16_t Audio_st_address)
1219          {
1220   1      
1221   1        Audio_addr= Audio_st_address + ADDR_START;
1222   1        Audio_start=0;
1223   1        Audio_length=0;
1224   1      
1225   1      }
1226          
1227          /**********************************************************************
1228           * @brief   Audio_Run
1229           * @param     None
1230           * @return  None
1231           **********************************************************************/
1232          void Audio_Run(uint16_t Address , uint16_t Length,  uint8_t Run_time){
1233   1           
1234   1        CVDD_ON;
1235   1        AUDIO_ON; 
1236   1        
1237   1        Audio_start = 1;
1238   1      
1239   1        P2 = 0x01;
1240   1        /* SPI Initial */
1241   1        USART_SPI_Initial(SPI_MASTER_MODE, 500000, SPI_MSB, SPI_CPOL_LOW, SPI_CPHA_1EDGE, SPI_TX_RX_MODE, SPI_SS_
             -HW_DISABLE);   // 500000
1242   1        
1243   1        NOP_20us_Delay(5000);         // 0.1sec
1244   1        NOP_20us_Delay(5000);         // 0.1sec
1245   1        NOP_20us_Delay(5000);         // 0.1sec
1246   1        
1247   1        Audio_max_length = Length;
1248   1        Variable_Initial(Address);
1249   1        
1250   1          /* Audio Initial */
1251   1        Audio_Initial();  
1252   1        
1253   1        NOP_20us_Delay(1000);         // 0.02sec
1254   1        NOP_20us_Delay(1000);         // 0.02sec
1255   1        NOP_20us_Delay(1000);         // 0.02sec
1256   1        
1257   1        
1258   1        Timer1_Start();
1259   1      
1260   1        // Audio clips run ~3 seconds (Audio3_length=24324 samples @ 8 kHz =
1261   1        // 3.04 s) which exceeds the 2-s active-mode WDT timeout. Refresh the
1262   1        // watchdog inside this polling loop so playback is not aborted by a
1263   1        // false WDT reset. The CPU is otherwise idle here while the
1264   1        // TIMER1_Int ISR feeds samples in the background.
1265   1        //
1266   1        // Stall detector.
1267   1        //
1268   1        // The WD_Reset() inside this loop also means the active-mode WDT will
C51 COMPILER V9.54   MAIN                                                                  06/05/2026 08:42:20 PAGE 22  

1269   1        // NEVER fire here, even if the audio ISR stops making progress
1270   1        // (Audio_length not incrementing because of e.g. SPI fault, SPI clock
1271   1        // glitch, TIMER1_Int disabled). The loop would then spin forever and
1272   1        // the device would appear hung from the outside.
1273   1        //
1274   1        // We track Audio_length progress and bail out if it does not advance
1275   1        // for ~200 ms. At ~125 us per audio sample the ISR should increment
1276   1        // Audio_length about 1600 times during 200 ms, so 200 ms of zero
1277   1        // progress is unambiguous evidence of a stall.
1278   1        {
1279   2          uint16_t prev_length  = 0xFFFF;   /* sentinel - guaranteed != on first iter */
1280   2          uint16_t stall_count  = 0;
1281   2      
1282   2          while (Audio_length < Audio_max_length) {
1283   3            WD_Reset();                   /* kick dog during long playback */
1284   3      
1285   3            if (Audio_length == prev_length) {
1286   4              /* No progress this iteration. ~4 us per while iter at 4 MHz,
1287   4               * so 50000 iterations ~= 200 ms of no progress = stall. */
1288   4              if (++stall_count > 50000) {
1289   5                break;
1290   5              }
1291   4            } else {
1292   4              prev_length = Audio_length;
1293   4              stall_count = 0;
1294   4            }
1295   3          }
1296   2        }
1297   1      
1298   1        /* Deterministic teardown. Previously only Timer0 was stopped (inside the
1299   1         * TIMER1_Int done-branch), and Timer1 was left running. Because Audio_run
1300   1         * sets Audio_start = 0 below, leftover Timer1 ticks kept re-entering the
1301   1         * ISR prime branch every 125 us (re-asserting Read/Timer0) until the next
1302   1         * clip - harmless only because CVDD is off, but wasteful and fragile, and
1303   1         * the stall-break path left the flash CS asserted. Stop everything here so
1304   1         * teardown does not depend on a post-loop interrupt firing. */
1305   1        Timer1_Stop();     /* stop the 8 kHz sample interrupt */
1306   1        Timer0_Stop();     /* stop PWM output                 */
1307   1        SLAVEDESELECT;     /* release the audio-flash CS      */
1308   1      
1309   1        CVDD_OFF;
1310   1        AUDIO_OFF;
1311   1      
1312   1        //Port_SetOutputpin(PORT1, PIN0, 0);
1313   1        //P10 = 1;
1314   1      
1315   1        Audio_start = 0;
1316   1      }
*** WARNING C280 IN LINE 1232 OF src\main.c: 'Run_time': unreferenced local variable
1317          
1318          /**********************************************************************
1319           * @brief   Play_Clip - play one of the clips in Audio_Clips[].
1320           *          Out-of-range clip_id is silently ignored.
1321           * @param   clip_id   index into Audio_Clips[] (AUDIO_CLIP_BOOT etc.)
1322           **********************************************************************/
1323          void Play_Clip(uint8_t clip_id)
1324          {
1325   1          if (clip_id >= AUDIO_CLIP_COUNT) return;
1326   1          Audio_Run(Audio_Clips[clip_id].address,
1327   1                    Audio_Clips[clip_id].length,
1328   1                    Audio_Clips[clip_id].runtime);
1329   1      }
C51 COMPILER V9.54   MAIN                                                                  06/05/2026 08:42:20 PAGE 23  

1330          
1331          
1332          
1333          //////////////// End: Audio helpers ////////////////
1334          
1335          
1336          //////////////// Start: UART helpers ////////////////
1337          
1338          
1339          void Uart_Out(void){
1340   1      
1341   1        Port_SetAlterFunctionpin(PORT1, PIN2, 0x1);
1342   1                  
1343   1        USART_Initial(9600, USART_DATA_8BIT, USART_STOP_1BIT, USART_PARITY_NO, USART_TX_RX_MODE);
1344   1        
1345   1        if(ADC_mode == Dust_mode){
1346   2          
1347   2          if(visual_type == 1){
1348   3            USART_SendDataWithPolling(&Visu_MODE, sizeof(Visu_MODE));
1349   3          }
1350   2          else{
1351   3            USART_SendDataWithPolling(&Dust_MODE, sizeof(Dust_MODE));
1352   3          }
1353   2          USART_SendDataWithPolling(&Space, sizeof(Space));
1354   2          USART_SendDataWithPolling(&Bat, sizeof(Bat));
1355   2          Uart_Out_Int(ADC_Bat_Val);
1356   2          
1357   2          USART_SendDataWithPolling(&Space, sizeof(Space));
1358   2          USART_SendDataWithPolling(&Dust_Si_Off, sizeof(Dust_Si_Off));
1359   2          Uart_Out_Int(ADC1_Off_Dust_Val);
1360   2          USART_SendDataWithPolling(&Space, sizeof(Space));
1361   2          USART_SendDataWithPolling(&Dust_Si_On, sizeof(Dust_Si_On));
1362   2          Uart_Out_Int(ADC1_On_Dust_Val);
1363   2          USART_SendDataWithPolling(&Space, sizeof(Space));
1364   2          USART_SendDataWithPolling(&Dust_Si_Deta, sizeof(Dust_Si_Deta));
1365   2          Uart_Out_Int(ADC1_Dust_Val);
1366   2          
1367   2          USART_SendDataWithPolling(&Space, sizeof(Space));
1368   2          USART_SendDataWithPolling(&Dust_Du_Off, sizeof(Dust_Du_Off));
1369   2          Uart_Out_Int(ADC2_Off_Dust_Val);
1370   2          USART_SendDataWithPolling(&Space, sizeof(Space));
1371   2          USART_SendDataWithPolling(&Dust_Du_On, sizeof(Dust_Du_On));
1372   2          Uart_Out_Int(ADC2_On_Dust_Val);
1373   2          USART_SendDataWithPolling(&Space, sizeof(Space));
1374   2          USART_SendDataWithPolling(&Dust_Du_Deta, sizeof(Dust_Du_Deta));
1375   2          Uart_Out_Int(ADC2_Dust_Val);
1376   2      
1377   2          /* Per-unit calibration trace: normalized Si_Da + the offset/gain
1378   2           * pair that calib_apply() is using right now, plus a valid flag
1379   2           * (0 = uncalibrated / running on defaults, 1 = loaded from DataFlash). */
1380   2           
1381   2          USART_SendDataWithPolling(&Space, sizeof(Space));
1382   2          USART_SendDataWithPolling(&Cal_Norm, sizeof(Cal_Norm));
1383   2          Uart_Out_Int(ADC2_Dust_Val_Norm);
1384   2          USART_SendDataWithPolling(&Space, sizeof(Space));
1385   2          USART_SendDataWithPolling(&Cal_Base, sizeof(Cal_Base));
1386   2          Uart_Out_Int(g_calib_baseline);
1387   2          USART_SendDataWithPolling(&Space, sizeof(Space));
1388   2          USART_SendDataWithPolling(&Cal_Gain, sizeof(Cal_Gain));
1389   2          Uart_Out_Int(g_calib_gain_Q8);
1390   2          USART_SendDataWithPolling(&Space, sizeof(Space));
1391   2          USART_SendDataWithPolling(&Cal_Valid, sizeof(Cal_Valid));
C51 COMPILER V9.54   MAIN                                                                  06/05/2026 08:42:20 PAGE 24  

1392   2          Uart_Out_Int((uint16_t)g_calib_valid);
1393   2      
1394   2        }
1395   1        else if(ADC_mode == Temp_mode){
1396   2          USART_SendDataWithPolling(&Temp_MODE, sizeof(Temp_MODE));
1397   2          USART_SendDataWithPolling(&Space, sizeof(Space));
1398   2          USART_SendDataWithPolling(&Bat, sizeof(Bat));
1399   2          Uart_Out_Int(ADC_Bat_Val);
1400   2          USART_SendDataWithPolling(&Space, sizeof(Space));
1401   2          USART_SendDataWithPolling(&Temp, sizeof(Temp));
1402   2          Uart_Out_Int(ADC_Temp_Val);
1403   2        }
1404   1        
1405   1        USART_SendDataWithPolling(&End, 4);
1406   1        
1407   1        Port_SetAlterFunctionpin(PORT1, PIN2, 0);
1408   1      }
1409          
1410          void Uart_Out_Text(uint8_t *send_data, uint8_t count){
1411   1      
1412   1        Port_SetAlterFunctionpin(PORT1, PIN2, 0x1);
1413   1                  
1414   1        USART_Initial(9600, USART_DATA_8BIT, USART_STOP_1BIT, USART_PARITY_NO, USART_TX_RX_MODE);
1415   1        
1416   1        USART_SendDataWithPolling(send_data, count);   /* was &send_data: that sent the pointer's own bytes, not 
             -the text */
1417   1        
1418   1        Port_SetAlterFunctionpin(PORT1, PIN2, 0);
1419   1        
1420   1        
1421   1      }
1422          
1423          
1424          void Uart_Out_Fire(uint16_t Value){
1425   1      
1426   1        Port_SetAlterFunctionpin(PORT1, PIN2, 0x1);
1427   1      
1428   1        /* This runs right after fire-voice playback (play_fire_burst -> Audio_Run),
1429   1         * which left the USART block in SPI (synchronous) mode. USART_Initial()
1430   1         * skips its block reset when coming from synchronous mode - its reset is
1431   1         * gated on (USTCR1 bit6 == 0) - so force SOFTRST here to cleanly switch the
1432   1         * block back to UART. Without this the first UART output after audio is
1433   1         * garbled / dropped. */
1434   1        USTST |= SOFTRST;
1435   1      
1436   1        USART_Initial(9600, USART_DATA_8BIT, USART_STOP_1BIT, USART_PARITY_NO, USART_TX_RX_MODE);
1437   1        
1438   1        if(ADC_mode == Dust_mode){
1439   2          
1440   2          if(visual_type == 1){
1441   3            USART_SendDataWithPolling(&Visu_MODE, sizeof(Visu_MODE));
1442   3          }
1443   2          else{
1444   3            USART_SendDataWithPolling(&Dust_MODE, sizeof(Dust_MODE));
1445   3          }
1446   2          USART_SendDataWithPolling(&Space, sizeof(Space));
1447   2          USART_SendDataWithPolling(&Dust_val, sizeof(Dust_val));
1448   2          USART_SendDataWithPolling(&Space, sizeof(Space));
1449   2          Uart_Out_Int(Value);
1450   2      
1451   2        }
1452   1        else if(ADC_mode == Temp_mode){
C51 COMPILER V9.54   MAIN                                                                  06/05/2026 08:42:20 PAGE 25  

1453   2          USART_SendDataWithPolling(&Temp_MODE, sizeof(Temp_MODE));
1454   2          USART_SendDataWithPolling(&Space, sizeof(Space));
1455   2          Uart_Out_Int(Value);
1456   2        }
1457   1        
1458   1        USART_SendDataWithPolling(&End, 4);
1459   1        
1460   1        Port_SetAlterFunctionpin(PORT1, PIN2, 0);
1461   1      }
1462          
1463          
1464          void Uart_Out_Int(uint16_t Value){
1465   1      
1466   1        uint16_t int_val;
1467   1        uint8_t tmp;
1468   1        
1469   1        if(Value > 9999){
1470   2          Value = 9999;
1471   2        }
1472   1        
1473   1        tmp = Value / 1000 + 48;
1474   1        USART_SendDataWithPolling(&tmp, 1);
1475   1        int_val= Value % 1000 ;
1476   1        tmp = (int_val/ 100 )+ 48;
1477   1        USART_SendDataWithPolling(&tmp, 1);
1478   1        int_val= Value % 100 ;
1479   1        tmp = (int_val/ 10 )+ 48;
1480   1        USART_SendDataWithPolling(&tmp, 1);
1481   1        int_val= Value % 10 ;
1482   1        tmp = (int_val/ 1) + 48;
1483   1        USART_SendDataWithPolling(&tmp, 1);
1484   1      }
1485          
1486          
1487          //////////////// End:   UART helpers ////////////////
1488          
1489          
1490          //////////////// Start: ADC helpers ////////////////
1491          
1492          /**********************************************************************
1493           * @brief       Data_Avr - simple arithmetic mean over `count` ADC samples
1494           * @param       adc_data - pointer to array of uint16_t samples
1495           * @param       count    - number of elements (NOT bytes!)
1496           * @return      average value, or 0 if count==0
1497           **********************************************************************/
1498          uint16_t Data_Avr(uint16_t *adc_data, uint8_t count){
1499   1        
1500   1        uint32_t temp = 0;
1501   1        uint8_t i;
1502   1        
1503   1        if(count < 1){
1504   2          return 0;
1505   2        }
1506   1        
1507   1        for(i=0; i<count ; i++){
1508   2          temp = temp + adc_data[i];
1509   2        }
1510   1        
1511   1        temp = temp / count;
1512   1        
1513   1        return temp;
1514   1        
C51 COMPILER V9.54   MAIN                                                                  06/05/2026 08:42:20 PAGE 26  

1515   1      }
1516          
1517          void Data_Sorting(uint16_t *adc_data, uint8_t count)
1518          {
1519   1        uint8_t i,j;
1520   1        uint16_t temp;
1521   1      
1522   1        if(count < 1){
1523   2          return;
1524   2        }
1525   1        
1526   1        for(i = 0; i < (count-1); i++)
1527   1        {
1528   2          for(j = i+1; j < count; j++)
1529   2          {
1530   3            
1531   3            if(adc_data[i] > adc_data[j])
1532   3            {
1533   4              temp = adc_data[i];
1534   4              adc_data[i]=adc_data[j];
1535   4              adc_data[j]=temp;
1536   4            }
1537   3          }
1538   2        }
1539   1      }
1540          
1541          uint16_t Data_TrimmedMean(uint16_t *adc_data, uint8_t count){
1542   1      
1543   1        uint32_t temp = 0;
1544   1        uint8_t i;
1545   1        
1546   1        if(count < 3){
1547   2          return 0;
1548   2        }
1549   1        
1550   1        
1551   1        Data_Sorting(adc_data, count);
1552   1        
1553   1        for(i=1; i<(count -1) ; i++){
1554   2          temp = temp + adc_data[i];
1555   2        }
1556   1        
1557   1        temp = temp / (count -2);
1558   1        
1559   1        return temp;
1560   1        
1561   1      }
1562          
1563          /**********************************************************************
1564           * @brief       Check_System - autodetect heat-vs-smoke variant.
1565           *              Probes AN3 with LDO on vs LDO off. A heat (NTC) variant
1566           *              shows a large delta; a smoke (photoelectric) variant does
1567           *              not. Returns Temp_mode or Dust_mode accordingly.
1568           **********************************************************************/
1569          uint16_t Check_System(void)
1570          {
1571   1        int V25_On_adc_data= 0 , V25_Off_adc_data= 0;
1572   1        uint16_t System_Mode_Ck;
1573   1      
1574   1        // OPAMP outputs disabled; route AN3/AN2/AN1 to ADC pins.
1575   1        P0FSRL  = 0
1576   1          | ( 2 << 6)       //P03     // 0 : I/O, 1 : OP0OUT,   2 : AN3,      3 : Not used          // SENSING IN ADC
C51 COMPILER V9.54   MAIN                                                                  06/05/2026 08:42:20 PAGE 27  

1577   1          | ( 2 << 4)       //P02     // 0 : I/O, 1 : OP1P,   2 : AN2,      3 : Not used              // Temperature_ADC
1578   1          | ( 2<< 2)        //P01     // 0 : I/O (EINT1), 1 : OP1N,  2 : AN1, 3 : Not used        //
1579   1          | ( 0 << 0);      //P00     // 0 : I/O (EINT0), 1 : OP1OUT,   2 : AN0,  3 : Not used      // C_VDD
1580   1      
1581   1        OP0_Enable(FALSE);
1582   1        OP1_Enable(FALSE);
1583   1        LDO_ON;
1584   1        ADC_Initial(ADC_CLK_1M, ADC_SW_TRIG, ADC_INTERNAL_REF, ADC_LSB);   // INTERNAL_REF + LDO_ON sequence isola
             -tes heat-variant signal
1585   1        ADC_SelectChannel(ADC_CH3);
1586   1        
1587   1        Delay_ms(1);
1588   1        
1589   1        ADC_GetDataWithPolling(ADC_temp_data, ADC_BUFFER_COUNT);  // (FIX C1) was sizeof(...) = bytes
1590   1        
1591   1        LDO_OFF;
1592   1      
1593   1        V25_On_adc_data = Data_TrimmedMean(ADC_temp_data, ADC_BUFFER_COUNT) /* (FIX C1) was sizeof */;
1594   1        
1595   1        Delay_ms(20);
1596   1        
1597   1        ADC_GetDataWithPolling(ADC_temp_data, ADC_BUFFER_COUNT);  // (FIX C1) was sizeof(...) = bytes
1598   1        V25_Off_adc_data = Data_TrimmedMean(ADC_temp_data, ADC_BUFFER_COUNT) /* (FIX C1) was sizeof */;
1599   1      
1600   1        if( abs(V25_On_adc_data - V25_Off_adc_data) > System_Ck_Value){
1601   2          System_Mode_Ck = Temp_mode;
1602   2        }
1603   1        else{
1604   2          System_Mode_Ck = Dust_mode;
1605   2        }
1606   1      
1607   1        /* Cleanup: disable ADC + restore P0FSRL to hw_initial baseline so the
1608   1         * caller does not inherit an active ADC block or AN3/AN2/AN1 pin mode. */
1609   1        ADCCRL = 0x00;
1610   1        P0FSRL = 0
1611   1          | (1 << 6)        /* P03 = OP0OUT (hw_initial baseline) */
1612   1          | (1 << 4)        /* P02 = OP1P                          */
1613   1          | (1 << 2)        /* P01 = OP1N                          */
1614   1          | (0 << 0);       /* P00 = I/O                           */
1615   1      
1616   1        return System_Mode_Ck;
1617   1      }
1618          
1619          
1620          /**********************************************************************
1621           * @brief       TEMP_ADC - read NTC thermistor through AN3 with LDO23 on
1622           *              as reference. Looks up the result in Temp_Table[] and
1623           *              returns temperature in degrees C (clamped 0..100).
1624           **********************************************************************/
1625          uint16_t TEMP_ADC(void)
1626          {
1627   1        int Temp_adc_data= 0 , Temp_Data;
1628   1        int i;
1629   1      
1630   1        // Route AN3 (NTC divider) to ADC; OPAMPs disabled.
1631   1        P0FSRL  = 0
1632   1          | ( 2 << 6)       //P03     // 0 : I/O, 1 : OP0OUT,   2 : AN3,      3 : Not used          // SENSING IN ADC
1633   1          | ( 2 << 4)       //P02     // 0 : I/O, 1 : OP1P,   2 : AN2,      3 : Not used              // Temperature_AD
             -C
1634   1          | ( 2<< 2)        //P01     // 0 : I/O (EINT1), 1 : OP1N,  2 : AN1, 3 : Not used        // BAT_ADC
1635   1          | ( 0 << 0);      //P00     // 0 : I/O (EINT0), 1 : OP1OUT,   2 : AN0,  3 : Not used      // C_VDD
1636   1      
C51 COMPILER V9.54   MAIN                                                                  06/05/2026 08:42:20 PAGE 28  

1637   1        OP0_Enable(FALSE);
1638   1        OP1_Enable(FALSE);
1639   1        LDO_ON;
1640   1        ADC_Initial(ADC_CLK_1M, ADC_SW_TRIG, ADC_LDO_REF, ADC_LSB);  // LDO_REF: NTC ratiometric measurement immu
             -ne to LDO drift
1641   1        ADC_SelectChannel(ADC_CH3);
1642   1        
1643   1        Delay_ms(1);
1644   1        
1645   1        ADC_GetDataWithPolling(ADC_temp_data, ADC_BUFFER_COUNT);  // (FIX C1) was sizeof(...) = bytes
1646   1        
1647   1        LDO_OFF;
1648   1      
1649   1        Temp_adc_data = Data_TrimmedMean(ADC_temp_data, ADC_BUFFER_COUNT) /* (FIX C1) was sizeof */;
1650   1        
1651   1        for(i=TEMP_OFFSET;i<(TEMP_OFFSET + 100);i++){
1652   2          if(Temp_Table[i] > Temp_adc_data){
1653   3            break;
1654   3          }
1655   2        }
1656   1        
1657   1        if(i == (TEMP_OFFSET + 100)){
1658   2          Temp_Data = 100;
1659   2        }
1660   1        else if (i==TEMP_OFFSET){
1661   2          Temp_Data = 0;
1662   2        }
1663   1        else{
1664   2          Temp_Data = i -TEMP_OFFSET - 1 ;
1665   2        }
1666   1      
1667   1        /* Cleanup: disable ADC + restore P0FSRL to hw_initial baseline. */
1668   1        ADCCRL = 0x00;
1669   1        P0FSRL = 0
1670   1          | (1 << 6)        /* P03 = OP0OUT (hw_initial baseline) */
1671   1          | (1 << 4)        /* P02 = OP1P                          */
1672   1          | (1 << 2)        /* P01 = OP1N                          */
1673   1          | (0 << 0);       /* P00 = I/O                           */
1674   1      
1675   1        return Temp_Data;
1676   1      }
1677          
1678          /**********************************************************************
1679           * @brief       Get_Bat_Voltage_cV - measure battery voltage in units of
1680           *              0.01 V (e.g. return value 304 == 3.04 V).
1681           *              Reads the internal VBGR reference against VDD as ADC ref
1682           *              (ratiometric trick): VBGR_CV is the calibrated bandgap *100,
1683           *              ADC_FS = 1024 (10-bit FS), and the formula
1684           *                  Vbat_cv = (VBGR_CV * ADC_FS) / adc_reading
1685           *              gives Vbat in centivolts.
1686           **********************************************************************/
1687          uint16_t Get_Bat_Voltage_cV(void)   // unit: 0.01 V
1688          {
1689   1          uint32_t adc_avg;
1690   1          uint32_t vbat_cv;
1691   1      
1692   1      
1693   1          ADC_Initial(ADC_CLK_2M, ADC_SW_TRIG, ADC_INTERNAL_REF, ADC_LSB);   // INTERNAL_REF reads VBGR against 
             -VDD - ratiometric Vbat math
1694   1          ADC_SelectChannel(ADC_VBGR);
1695   1          Delay_ms(1);
1696   1      
C51 COMPILER V9.54   MAIN                                                                  06/05/2026 08:42:20 PAGE 29  

1697   1          ADC_GetDataWithPolling(ADC_temp_data, ADC_BUFFER_COUNT);  // (FIX C1) was sizeof(...) = bytes
1698   1      
1699   1          adc_avg = Data_TrimmedMean(ADC_temp_data, ADC_BUFFER_COUNT) /* (FIX C1) was sizeof */;
1700   1      
1701   1          if (adc_avg == 0) {
1702   2              ADCCRL = 0x00;            /* cleanup before early return */
1703   2              return 0;
1704   2          }
1705   1      
1706   1          vbat_cv = ((uint32_t)VBGR_CV * ADC_FS) / adc_avg;
1707   1      
1708   1          // sanity clamp (optional)
1709   1          if (vbat_cv > 400) vbat_cv = 400;   // ignore impossible >4.00 V readings
1710   1      
1711   1          /* Cleanup: disable ADC module. (P0FSRL untouched - this function does
1712   1           * not change pin functions.) */
1713   1          ADCCRL = 0x00;
1714   1      
1715   1          return (uint16_t)vbat_cv;
1716   1      }
1717          
1718          /**********************************************************************
1719           * @brief   Dust_1ADC
1720           * @param     None
1721           * @return  None
1722           **********************************************************************/
1723          
1724          uint16_t Dust_ADC_1AMP(void)
1725          {
1726   1        uint16_t Dust_adc_data = 0;
1727   1        uint32_t adc_avg;
1728   1        uint32_t op;
1729   1      
1730   1        /* Pin function map - same as 2AMP for consistency */
1731   1        P0FSRL  = 0
1732   1          | ( 1 << 6)       /* P03 : OP0OUT (sensing OP-amp output to ADC) */
1733   1          | ( 1 << 4)       /* P02 : OP1P  (unused here)                    */
1734   1          | ( 2 << 2)       /* P01 : AN1   (battery ADC channel)            */
1735   1          | ( 1 << 0);      /* P00 : OP1OUT (test point)                    */
1736   1      
1737   1        OPAMP_Initial(GAIN1_DIS, GAIN0_DIS, chp_125KHz);
1738   1        OP0_Enable(TRUE);
1739   1        OP1_Enable(FALSE);
1740   1      
1741   1        ADC_Initial(ADC_CLK_2M, ADC_SW_TRIG, ADC_INTERNAL_REF, ADC_LSB);
1742   1        ADC_SelectChannel(ADC_VBGR);
1743   1        Delay_ms(1);
1744   1      
1745   1        /* 1) VBGR measurement -> ratiometric battery compensation factor.
1746   1         * ADC1_Bat_Val ~= 300 at VBAT=3V; used to scale the OP0OUT readings
1747   1         * so dust results stay constant across battery voltage drift. */
1748   1        ADC_GetDataWithPolling(ADC_temp_data, ADC_BUFFER_COUNT);
1749   1        adc_avg = Data_TrimmedMean(ADC_temp_data, ADC_BUFFER_COUNT);
1750   1        if (adc_avg == 0) {
1751   2          goto cleanup;          /* divide-by-zero guard */
1752   2        }
1753   1        op  = 92;
1754   1        op *= 1024;
1755   1        op /= adc_avg;
1756   1        ADC1_Bat_Val = op;
1757   1      
1758   1        /* 2) LED ON - chamber sensing.
C51 COMPILER V9.54   MAIN                                                                  06/05/2026 08:42:20 PAGE 30  

1759   1         * No divide-by-zero possible here (multiplication only, /1024 is the
1760   1         * only division). adc_avg=0 is a legitimate dark-chamber reading. */
1761   1        LDO_ON;
1762   1        ADC_SelectChannel(ADC_OP0OUT);
1763   1        Delay_ms(1);
1764   1      
1765   1        ADC_GetDataWithPolling(ADC_temp_data, ADC_BUFFER_COUNT);
1766   1        adc_avg = Data_TrimmedMean(ADC_temp_data, ADC_BUFFER_COUNT);
1767   1      
1768   1        LDO_OFF;
1769   1        Delay_ms(1);
1770   1      
1771   1        op  = ADC1_Bat_Val;
1772   1        op *= adc_avg;
1773   1        op /= 1024;
1774   1        ADC1_On_Dust_Val = op;
1775   1      
1776   1        /* 3) LED OFF - ambient reference (still on ADC_OP0OUT) */
1777   1        ADC_GetDataWithPolling(ADC_temp_data, ADC_BUFFER_COUNT);
1778   1        adc_avg = Data_TrimmedMean(ADC_temp_data, ADC_BUFFER_COUNT);
1779   1      
1780   1        op  = ADC1_Bat_Val;
1781   1        op *= adc_avg;
1782   1        op /= 1024;
1783   1        ADC1_Off_Dust_Val = op;
1784   1      
1785   1        /* Underflow guard: if optical noise pushes Off > On the uint16_t
1786   1         * subtraction would wrap to ~65535 and trigger a false fire alarm.
1787   1         * Treat that case as zero dust signal. */
1788   1        if (ADC1_On_Dust_Val > ADC1_Off_Dust_Val) {
1789   2          Dust_adc_data = ADC1_On_Dust_Val - ADC1_Off_Dust_Val;
1790   2        } else {
1791   2          Dust_adc_data = 0;
1792   2        }
1793   1      
1794   1      cleanup:
1795   1        /* Disable ADC + OPAMP + restore P0FSRL to hw_initial baseline so the
1796   1         * next call (or BeforeStop) inherits a clean state. */
1797   1        ADCCRL = 0x00;
1798   1        OP0_Enable(FALSE);
1799   1        OP1_Enable(FALSE);
1800   1        AMPCR1 = 0x00;
1801   1        P0FSRL = 0
1802   1          | (1 << 6)        /* P03 = OP0OUT (baseline) */
1803   1          | (1 << 4)        /* P02 = OP1P              */
1804   1          | (1 << 2)        /* P01 = OP1N              */
1805   1          | (0 << 0);       /* P00 = I/O               */
1806   1      
1807   1        return Dust_adc_data;
1808   1      }
1809          
1810          
1811          /**********************************************************************
1812           * @brief   Dust_ADC_2amp
1813           * @param     None
1814           * @return  None
1815           **********************************************************************/
1816          
1817          uint16_t Dust_ADC_2AMP(void)
1818          {
1819   1        uint16_t Dust_adc_data = 0;
1820   1        uint32_t adc_avg;
C51 COMPILER V9.54   MAIN                                                                  06/05/2026 08:42:20 PAGE 31  

1821   1        uint32_t op;
1822   1      
1823   1        /* Pin function map - same as 1AMP; OP-amp chain OP0 -> OP1 -> ADC */
1824   1        P0FSRL  = 0
1825   1          | ( 1 << 6)       /* P03 : OP0OUT (first stage out)             */
1826   1          | ( 1 << 4)       /* P02 : OP1P   (second stage non-inv input)  */
1827   1          | ( 2 << 2)       /* P01 : AN1    (battery ADC channel)         */
1828   1          | ( 1 << 0);      /* P00 : OP1OUT (final amp output, test pt)   */
1829   1      
1830   1        if (visual_type == 1) {
1831   2          OPAMP_Initial(GAIN1_X30, GAIN0_DIS, chp_125KHz);
1832   2        } else {
1833   2          OPAMP_Initial(GAIN1_X15, GAIN0_DIS, chp_125KHz);
1834   2        }
1835   1      
1836   1        /* Two-stage amp sequence: enable OP0 first, wait 200 us per User
1837   1         * Manual Figure 43 NOTE 2 ("turn on the first OP-AMP and provide a
1838   1         * delay of at least 200 us before turn on the second OP-AMP"), then
1839   1         * enable OP1. Without this delay the first sample is unreliable. */
1840   1        OP0_Enable(TRUE);
1841   1        NOP_20us_Delay(10);          /* ~200 us OP0 stabilization */
1842   1        OP1_Enable(TRUE);
1843   1      
1844   1        ADC_Initial(ADC_CLK_2M, ADC_SW_TRIG, ADC_INTERNAL_REF, ADC_LSB);
1845   1        ADC_SelectChannel(ADC_VBGR);
1846   1        Delay_ms(1);
1847   1      
1848   1        /* 1) VBGR measurement -> ratiometric battery compensation */
1849   1        ADC_GetDataWithPolling(ADC_temp_data, ADC_BUFFER_COUNT);
1850   1        adc_avg = Data_TrimmedMean(ADC_temp_data, ADC_BUFFER_COUNT);
1851   1        if (adc_avg == 0) {
1852   2          goto cleanup;            /* divide-by-zero guard */
1853   2        }
1854   1        op  = 92;
1855   1        op *= 1024;
1856   1        op /= adc_avg;
1857   1        ADC2_Bat_Val = op;
1858   1      
1859   1        /* 2) LED ON - chamber sensing through 2-stage amp.
1860   1         * No divide-by-zero possible (multiplication only, /1024 is the only
1861   1         * division). adc_avg=0 is a legitimate dark-chamber reading. */
1862   1        LDO_ON;
1863   1        ADC_SelectChannel(ADC_OP1OUT);
1864   1        Delay_ms(1);
1865   1      
1866   1        ADC_GetDataWithPolling(ADC_temp_data, ADC_BUFFER_COUNT);
1867   1        adc_avg = Data_TrimmedMean(ADC_temp_data, ADC_BUFFER_COUNT);
1868   1      
1869   1        LDO_OFF;
1870   1        Delay_ms(1);
1871   1      
1872   1        op  = ADC2_Bat_Val;
1873   1        op *= adc_avg;
1874   1        op /= 1024;
1875   1        ADC2_On_Dust_Val = op;
1876   1      
1877   1        /* 3) LED OFF - ambient reference (still on ADC_OP1OUT) */
1878   1        ADC_GetDataWithPolling(ADC_temp_data, ADC_BUFFER_COUNT);
1879   1        adc_avg = Data_TrimmedMean(ADC_temp_data, ADC_BUFFER_COUNT);
1880   1      
1881   1        op  = ADC2_Bat_Val;
1882   1        op *= adc_avg;
C51 COMPILER V9.54   MAIN                                                                  06/05/2026 08:42:20 PAGE 32  

1883   1        op /= 1024;
1884   1        ADC2_Off_Dust_Val = op;
1885   1      
1886   1        /* Underflow guard - same rationale as Dust_ADC_1AMP */
1887   1        if (ADC2_On_Dust_Val > ADC2_Off_Dust_Val) {
1888   2          Dust_adc_data = ADC2_On_Dust_Val - ADC2_Off_Dust_Val;
1889   2        } else {
1890   2          Dust_adc_data = 0;
1891   2        }
1892   1      
1893   1      cleanup:
1894   1        ADCCRL = 0x00;
1895   1        OP0_Enable(FALSE);
1896   1        OP1_Enable(FALSE);
1897   1        AMPCR1 = 0x00;
1898   1        P0FSRL = 0
1899   1          | (1 << 6)        /* P03 = OP0OUT (baseline) */
1900   1          | (1 << 4)        /* P02 = OP1P              */
1901   1          | (1 << 2)        /* P01 = OP1N              */
1902   1          | (0 << 0);       /* P00 = I/O               */
1903   1      
1904   1        return Dust_adc_data;
1905   1      }
1906          
1907          //////////////// End:   ADC helpers ////////////////


MODULE INFORMATION:   STATIC OVERLAYABLE
   CODE SIZE        =   5446    ----
   CONSTANT SIZE    =    295    ----
   XDATA SIZE       =    293     106
   PDATA SIZE       =   ----    ----
   DATA SIZE        =   ----    ----
   IDATA SIZE       =   ----    ----
   BIT SIZE         =   ----    ----
END OF MODULE INFORMATION.


C51 COMPILATION COMPLETE.  1 WARNING(S),  0 ERROR(S)
